target_game_id,week,target_start_utc,market_home_spread,market_total,market_open_spread,market_open_total,market_spread_move,market_total_move,market_home_moneyline,market_away_moneyline,market_home_implied_no_vig,market_spread_quote_sd,market_total_quote_sd,market_quote_count,market_spread_close,market_over_under,market_spread_open,market_win_probability,snapshot_timestamp_utc,snapshot_source,market_snapshot_captured_pre_kickoff,market_quote_timestamp_available
401856766,1,2026-08-29T16:00:00.000Z,,,,,,,,,,,,,,,,,,no_pregame_market_snapshot_archived,False,False
401864494,1,2026-08-29T19:00:00.000Z,,,,,,,,,,,,,,,,,,no_pregame_market_snapshot_archived,False,False
401858202,1,2026-08-29T19:30:00.000Z,,,,,,,,,,,,,,,,,,no_pregame_market_snapshot_archived,False,False
401864577,1,2026-08-29T21:30:00.000Z,,,,,,,,,,,,,,,,,,no_pregame_market_snapshot_archived,False,False
401866408,1,2026-08-29T22:30:00.000Z,,,,,,,,,,,,,,,,,,no_pregame_market_snapshot_archived,False,False
401864570,1,2026-08-29T23:00:00.000Z,,,,,,,,,,,,,,,,,,no_pregame_market_snapshot_archived,False,False
401858201,1,2026-08-29T23:00:00.000Z,,,,,,,,,,,,,,,,,,no_pregame_market_snapshot_archived,False,False
401862693,1,2026-08-30T02:00:00.000Z,,,,,,,,,,,,,,,,,,no_pregame_market_snapshot_archived,False,False
401858423,1,2026-09-03T22:00:00.000Z,-29.0,51.5,-29.0,,0.0,,,,0.977,,,,-29.0,51.5,-29.0,0.977,2026-09-02 17:13:55.197874+00:00,data/publication/2026/weekly_operations/week_01/fingerprint_ladder_v3/canonical_fingerprint.parquet,True,False
401858204,1,2026-09-03T23:00:00.000Z,-24.5,48.5,-24.5,,0.0,,,,0.954,,,,-24.5,48.5,-24.5,0.954,2026-09-02 17:13:55.197874+00:00,data/publication/2026/weekly_operations/week_01/fingerprint_ladder_v3/canonical_fingerprint.parquet,True,False
401856776,1,2026-09-04T00:00:00.000Z,-6.5,51.5,-6.5,,0.0,,,,0.673,,,,-6.5,51.5,-6.5,0.673,2026-09-02 17:13:55.197874+00:00,data/publication/2026/weekly_operations/week_01/fingerprint_ladder_v3/canonical_fingerprint.parquet,True,False
401858424,1,2026-09-04T01:00:00.000Z,-27.5,54.5,-27.5,,0.0,,,,0.971,,,,-27.5,54.5,-27.5,0.971,2026-09-02 17:13:55.197874+00:00,data/publication/2026/weekly_operations/week_01/fingerprint_ladder_v3/canonical_fingerprint.parquet,True,False
401864495,1,2026-09-04T22:30:00.000Z,-3.0,,,,,,,,,,,,-3.0,,,,2026-09-02 17:55:32.103273+00:00,publication/2026/week_01/pre_game/scientific/scientific_all_game_predictions.csv,True,False
401856664,1,2026-09-05T00:00:00.000Z,-41.5,51.5,-41.5,,0.0,,,,0.998,,,,-41.5,51.5,-41.5,0.998,2026-09-02 17:13:55.197874+00:00,data/publication/2026/weekly_operations/week_01/fingerprint_ladder_v3/canonical_fingerprint.parquet,True,False
401858429,1,2026-09-05T00:00:00.000Z,-9.5,46.5,-9.5,,0.0,,,,0.744,,,,-9.5,46.5,-9.5,0.744,2026-09-02 17:13:55.197874+00:00,data/publication/2026/weekly_operations/week_01/fingerprint_ladder_v3/canonical_fingerprint.parquet,True,False
401858206,1,2026-09-05T01:00:00.000Z,24.5,,,,,,,,,,,,24.5,,,,2026-09-02 17:55:32.103273+00:00,publication/2026/week_01/pre_game/scientific/scientific_all_game_predictions.csv,True,False
401858436,1,2026-09-05T01:00:00.000Z,-21.5,,,,,,,,,,,,-21.5,,,,2026-09-02 17:55:32.103273+00:00,publication/2026/week_01/pre_game/scientific/scientific_all_game_predictions.csv,True,False
401869960,1,2026-09-05T16:00:00.000Z,-6.0,50.5,-6.5,,0.5,,,,0.673,,,,-6.0,50.5,-6.5,0.673,2026-09-02 17:13:55.197874+00:00,data/publication/2026/weekly_operations/week_01/fingerprint_ladder_v3/canonical_fingerprint.parquet,True,False
401856634,1,2026-09-05T16:00:00.000Z,-27.5,52.5,-28.0,,0.5,,,,0.973,,,,-27.5,52.5,-28.0,0.973,2026-09-02 17:13:55.197874+00:00,data/publication/2026/weekly_operations/week_01/fingerprint_ladder_v3/canonical_fingerprint.parquet,True,False
401858430,1,2026-09-05T16:00:00.000Z,-23.5,46.5,-24.0,,0.5,,,,0.951,,,,-23.5,46.5,-24.0,0.951,2026-09-02 17:13:55.197874+00:00,data/publication/2026/weekly_operations/week_01/fingerprint_ladder_v3/canonical_fingerprint.parquet,True,False
401858425,1,2026-09-05T16:00:00.000Z,-40.5,55.5,-40.0,,-0.5,,,,0.997,,,,-40.5,55.5,-40.0,0.997,2026-09-02 17:13:55.197874+00:00,data/publication/2026/weekly_operations/week_01/fingerprint_ladder_v3/canonical_fingerprint.parquet,True,False
401856780,1,2026-09-05T16:00:00.000Z,-21.5,56.0,-21.5,,0.0,,,,0.931,,,,-21.5,56.0,-21.5,0.931,2026-09-02 17:13:55.197874+00:00,data/publication/2026/weekly_operations/week_01/fingerprint_ladder_v3/canonical_fingerprint.parquet,True,False
401856778,1,2026-09-05T16:00:00.000Z,-21.0,49.5,-21.0,,0.0,,,,0.926,,,,-21.0,49.5,-21.0,0.926,2026-09-02 17:13:55.197874+00:00,data/publication/2026/weekly_operations/week_01/fingerprint_ladder_v3/canonical_fingerprint.parquet,True,False
401858432,1,2026-09-05T16:30:00.000Z,-51.0,56.5,-51.0,,0.0,,,,1.0,,,,-51.0,56.5,-51.0,1.0,2026-09-02 17:13:55.197874+00:00,data/publication/2026/weekly_operations/week_01/fingerprint_ladder_v3/canonical_fingerprint.parquet,True,False
401858207,1,2026-09-05T16:30:00.000Z,-17.0,48.5,-17.0,,0.0,,,,0.879,,,,-17.0,48.5,-17.0,0.879,2026-09-02 17:13:55.197874+00:00,data/publication/2026/weekly_operations/week_01/fingerprint_ladder_v3/canonical_fingerprint.parquet,True,False
401856665,1,2026-09-05T16:45:00.000Z,-36.5,53.5,-36.5,,0.0,,,,0.994,,,,-36.5,53.5,-36.5,0.994,2026-09-02 17:13:55.197874+00:00,data/publication/2026/weekly_operations/week_01/fingerprint_ladder_v3/canonical_fingerprint.parquet,True,False
401858434,1,2026-09-05T19:30:00.000Z,-24.0,52.0,-24.0,,0.0,,,,0.951,,,,-24.0,52.0,-24.0,0.951,2026-09-02 17:13:55.197874+00:00,data/publication/2026/weekly_operations/week_01/fingerprint_ladder_v3/canonical_fingerprint.parquet,True,False
401858209,1,2026-09-05T19:30:00.000Z,-7.5,51.5,-7.5,,0.0,,,,0.698,,,,-7.5,51.5,-7.5,0.698,2026-09-02 17:13:55.197874+00:00,data/publication/2026/weekly_operations/week_01/fingerprint_ladder_v3/canonical_fingerprint.parquet,True,False
401856667,1,2026-09-05T19:30:00.000Z,-29.5,59.5,-29.5,,0.0,,,,0.979,,,,-29.5,59.5,-29.5,0.979,2026-09-02 17:13:55.197874+00:00,data/publication/2026/weekly_operations/week_01/fingerprint_ladder_v3/canonical_fingerprint.parquet,True,False
401858433,1,2026-09-05T19:30:00.000Z,-24.5,51.5,-24.5,,0.0,,,,0.954,,,,-24.5,51.5,-24.5,0.954,2026-09-02 17:13:55.197874+00:00,data/publication/2026/weekly_operations/week_01/fingerprint_ladder_v3/canonical_fingerprint.parquet,True,False
401856636,1,2026-09-05T19:30:00.000Z,-7.5,58.5,-7.0,,-0.5,,,,0.685,,,,-7.5,58.5,-7.0,0.685,2026-09-02 17:13:55.197874+00:00,data/publication/2026/weekly_operations/week_01/fingerprint_ladder_v3/canonical_fingerprint.parquet,True,False
401856777,1,2026-09-05T19:30:00.000Z,-7.5,49.5,-7.5,,0.0,,,,0.698,,,,-7.5,49.5,-7.5,0.698,2026-09-02 17:13:55.197874+00:00,data/publication/2026/weekly_operations/week_01/fingerprint_ladder_v3/canonical_fingerprint.parquet,True,False
401856772,1,2026-09-05T19:45:00.000Z,13.5,59.5,13.5,,0.0,,,,0.176,,,,13.5,59.5,13.5,0.176,2026-09-02 17:13:55.197874+00:00,data/publication/2026/weekly_operations/week_01/fingerprint_ladder_v3/canonical_fingerprint.parquet,True,False
401858426,1,2026-09-05T20:15:00.000Z,-31.0,44.5,-31.0,,0.0,,,,0.984,,,,-31.0,44.5,-31.0,0.984,2026-09-02 17:13:55.197874+00:00,data/publication/2026/weekly_operations/week_01/fingerprint_ladder_v3/canonical_fingerprint.parquet,True,False
401860878,1,2026-09-05T22:00:00.000Z,-3.0,46.5,-3.0,,0.0,,,,0.582,,,,-3.0,46.5,-3.0,0.582,2026-09-02 17:13:55.197874+00:00,data/publication/2026/weekly_operations/week_01/fingerprint_ladder_v3/canonical_fingerprint.parquet,True,False
401856668,1,2026-09-05T23:00:00.000Z,-40.5,53.5,-40.5,,0.0,,,,0.997,,,,-40.5,53.5,-40.5,0.997,2026-09-02 17:13:55.197874+00:00,data/publication/2026/weekly_operations/week_01/fingerprint_ladder_v3/canonical_fingerprint.parquet,True,False
401862699,1,2026-09-05T23:00:00.000Z,-14.0,52.5,-14.5,,0.5,,,,0.841,,,,-14.0,52.5,-14.5,0.841,2026-09-02 17:13:55.197874+00:00,data/publication/2026/weekly_operations/week_01/fingerprint_ladder_v3/canonical_fingerprint.parquet,True,False
401862695,1,2026-09-05T23:00:00.000Z,-11.0,52.0,-11.0,,0.0,,,,0.776,,,,-11.0,52.0,-11.0,0.776,2026-09-02 17:13:55.197874+00:00,data/publication/2026/weekly_operations/week_01/fingerprint_ladder_v3/canonical_fingerprint.parquet,True,False
401870763,1,2026-09-05T23:00:00.000Z,-16.5,54.0,-16.5,,0.0,,,,0.872,,,,-16.5,54.0,-16.5,0.872,2026-09-02 17:13:55.197874+00:00,data/publication/2026/weekly_operations/week_01/fingerprint_ladder_v3/canonical_fingerprint.parquet,True,False
401858428,1,2026-09-05T23:30:00.000Z,-27.5,48.5,-27.5,,0.0,,,,0.971,,,,-27.5,48.5,-27.5,0.971,2026-09-02 17:13:55.197874+00:00,data/publication/2026/weekly_operations/week_01/fingerprint_ladder_v3/canonical_fingerprint.parquet,True,False
401856662,1,2026-09-05T23:30:00.000Z,-28.5,55.0,-28.5,,0.0,,,,0.975,,,,-28.5,55.0,-28.5,0.975,2026-09-02 17:13:55.197874+00:00,data/publication/2026/weekly_operations/week_01/fingerprint_ladder_v3/canonical_fingerprint.parquet,True,False
401856660,1,2026-09-05T23:30:00.000Z,-10.0,50.5,-10.0,,0.0,,,,0.755,,,,-10.0,50.5,-10.0,0.755,2026-09-02 17:13:55.197874+00:00,data/publication/2026/weekly_operations/week_01/fingerprint_ladder_v3/canonical_fingerprint.parquet,True,False
401856637,1,2026-09-05T23:45:00.000Z,-26.5,59.5,-26.5,,0.0,,,,0.966,,,,-26.5,59.5,-26.5,0.966,2026-09-02 17:13:55.197874+00:00,data/publication/2026/weekly_operations/week_01/fingerprint_ladder_v3/canonical_fingerprint.parquet,True,False
401864498,1,2026-09-06T02:00:00.000Z,-10.5,46.5,-10.5,,0.0,,,,0.766,,,,-10.5,46.5,-10.5,0.766,2026-09-02 17:13:55.197874+00:00,data/publication/2026/weekly_operations/week_01/fingerprint_ladder_v3/canonical_fingerprint.parquet,True,False
401864497,1,2026-09-06T02:00:00.000Z,3.0,56.0,3.0,,0.0,,,,0.418,,,,3.0,56.0,3.0,0.418,2026-09-02 17:13:55.197874+00:00,data/publication/2026/weekly_operations/week_01/fingerprint_ladder_v3/canonical_fingerprint.parquet,True,False
401858210,1,2026-09-06T02:30:00.000Z,2.0,54.0,2.0,,0.0,,,,0.445,,,,2.0,54.0,2.0,0.445,2026-09-02 17:13:55.197874+00:00,data/publication/2026/weekly_operations/week_01/fingerprint_ladder_v3/canonical_fingerprint.parquet,True,False
401864432,1,2026-09-06T02:30:00.000Z,2.0,52.5,2.0,,0.0,,,,0.445,,,,2.0,52.5,2.0,0.445,2026-09-02 17:13:55.197874+00:00,data/publication/2026/weekly_operations/week_01/fingerprint_ladder_v3/canonical_fingerprint.parquet,True,False
401858437,1,2026-09-06T20:00:00.000Z,-23.5,50.5,-23.0,,-0.5,,,,0.944,,,,-23.5,50.5,-23.0,0.944,2026-09-02 17:13:55.197874+00:00,data/publication/2026/weekly_operations/week_01/fingerprint_ladder_v3/canonical_fingerprint.parquet,True,False
401858438,1,2026-09-06T23:30:00.000Z,-20.0,47.5,-20.0,,0.0,,,,0.916,,,,-20.0,47.5,-20.0,0.916,2026-09-02 17:13:55.197874+00:00,data/publication/2026/weekly_operations/week_01/fingerprint_ladder_v3/canonical_fingerprint.parquet,True,False
401856661,1,2026-09-06T23:30:00.000Z,-7.0,55.5,-7.0,,0.0,,,,0.685,,,,-7.0,55.5,-7.0,0.685,2026-09-02 17:13:55.197874+00:00,data/publication/2026/weekly_operations/week_01/fingerprint_ladder_v3/canonical_fingerprint.parquet,True,False
401858212,1,2026-09-07T23:30:00.000Z,3.0,,,,,,,,,,,,3.0,,,,2026-09-02 17:55:32.103273+00:00,publication/2026/week_01/pre_game/scientific/scientific_all_game_predictions.csv,True,False
401858214,2,2026-09-11T23:30:00.000Z,-3.0,54.5,-3.5,,0.5,,,,0.595,,,,-3.0,54.5,-3.5,0.595,2026-09-08 13:58:31.990081+00:00,data/publication/2026/weekly_operations/week_02/fingerprint_ladder_v3/canonical_fingerprint.parquet,True,False
401856678,2,2026-09-12T00:00:00.000Z,5.5,50.5,5.5,,0.0,,,,0.352,,,,5.5,50.5,5.5,0.352,2026-09-08 13:58:31.990081+00:00,data/publication/2026/weekly_operations/week_02/fingerprint_ladder_v3/canonical_fingerprint.parquet,True,False
401858442,2,2026-09-12T16:00:00.000Z,23.5,49.5,24.0,,-0.5,,,,0.049,,,,23.5,49.5,24.0,0.049,2026-09-08 13:58:31.990081+00:00,data/publication/2026/weekly_operations/week_02/fingerprint_ladder_v3/canonical_fingerprint.parquet,True,False
401856683,2,2026-09-12T16:00:00.000Z,-14.5,51.5,-14.0,,-0.5,,,,0.833,,,,-14.5,51.5,-14.0,0.833,2026-09-08 13:58:31.990081+00:00,data/publication/2026/weekly_operations/week_02/fingerprint_ladder_v3/canonical_fingerprint.parquet,True,False
401856781,2,2026-09-12T16:00:00.000Z,-18.5,49.5,-19.0,,0.5,,,,0.905,,,,-18.5,49.5,-19.0,0.905,2026-09-08 13:58:31.990081+00:00,data/publication/2026/weekly_operations/week_02/fingerprint_ladder_v3/canonical_fingerprint.parquet,True,False
401856782,2,2026-09-12T16:00:00.000Z,22.5,57.5,22.5,,0.0,,,,0.06,,,,22.5,57.5,22.5,0.06,2026-09-08 13:58:31.990081+00:00,data/publication/2026/weekly_operations/week_02/fingerprint_ladder_v3/canonical_fingerprint.parquet,True,False
401858224,2,2026-09-12T16:00:00.000Z,4.0,49.5,3.5,,0.5,,,,0.405,,,,4.0,49.5,3.5,0.405,2026-09-08 13:58:31.990081+00:00,data/publication/2026/weekly_operations/week_02/fingerprint_ladder_v3/canonical_fingerprint.parquet,True,False
401862702,2,2026-09-12T16:00:00.000Z,-3.5,47.5,-3.5,,0.0,,,,0.595,,,,-3.5,47.5,-3.5,0.595,2026-09-08 13:58:31.990081+00:00,data/publication/2026/weekly_operations/week_02/fingerprint_ladder_v3/canonical_fingerprint.parquet,True,False
401856679,2,2026-09-12T16:00:00.000Z,5.5,43.5,5.5,,0.0,,,,0.352,,,,5.5,43.5,5.5,0.352,2026-09-08 13:58:31.990081+00:00,data/publication/2026/weekly_operations/week_02/fingerprint_ladder_v3/canonical_fingerprint.parquet,True,False
401864571,2,2026-09-12T16:00:00.000Z,-7.5,56.5,-7.5,,0.0,,,,0.698,,,,-7.5,56.5,-7.5,0.698,2026-09-08 13:58:31.990081+00:00,data/publication/2026/weekly_operations/week_02/fingerprint_ladder_v3/canonical_fingerprint.parquet,True,False
401858221,2,2026-09-12T16:00:00.000Z,-18.5,50.5,-18.5,,0.0,,,,0.899,,,,-18.5,50.5,-18.5,0.899,2026-09-08 13:58:31.990081+00:00,data/publication/2026/weekly_operations/week_02/fingerprint_ladder_v3/canonical_fingerprint.parquet,True,False
401856673,2,2026-09-12T16:45:00.000Z,-40.5,54.5,-39.5,,-1.0,,,,0.997,,,,-40.5,54.5,-39.5,0.997,2026-09-08 13:58:31.990081+00:00,data/publication/2026/weekly_operations/week_02/fingerprint_ladder_v3/canonical_fingerprint.parquet,True,False
401858446,2,2026-09-12T19:30:00.000Z,-26.5,55.5,-26.5,,0.0,,,,0.966,,,,-26.5,55.5,-26.5,0.966,2026-09-08 13:58:31.990081+00:00,data/publication/2026/weekly_operations/week_02/fingerprint_ladder_v3/canonical_fingerprint.parquet,True,False
401859184,2,2026-09-12T19:30:00.000Z,-44.5,54.5,-44.5,,0.0,,,,0.999,,,,-44.5,54.5,-44.5,0.999,2026-09-08 13:58:31.990081+00:00,data/publication/2026/weekly_operations/week_02/fingerprint_ladder_v3/canonical_fingerprint.parquet,True,False
401858440,2,2026-09-12T19:30:00.000Z,-17.5,50.5,-17.0,,-0.5,,,,0.879,,,,-17.5,50.5,-17.0,0.879,2026-09-08 13:58:31.990081+00:00,data/publication/2026/weekly_operations/week_02/fingerprint_ladder_v3/canonical_fingerprint.parquet,True,False
401856810,2,2026-09-12T19:30:00.000Z,-7.5,50.5,-7.5,,0.0,,,,0.698,,,,-7.5,50.5,-7.5,0.698,2026-09-08 13:58:31.990081+00:00,data/publication/2026/weekly_operations/week_02/fingerprint_ladder_v3/canonical_fingerprint.parquet,True,False
401858217,2,2026-09-12T19:30:00.000Z,-6.0,53.5,-5.5,,-0.5,,,,0.648,,,,-6.0,53.5,-5.5,0.648,2026-09-08 13:58:31.990081+00:00,data/publication/2026/weekly_operations/week_02/fingerprint_ladder_v3/canonical_fingerprint.parquet,True,False
401858444,2,2026-09-12T19:30:00.000Z,12.5,52.5,12.5,,0.0,,,,0.194,,,,12.5,52.5,12.5,0.194,2026-09-08 13:58:31.990081+00:00,data/publication/2026/weekly_operations/week_02/fingerprint_ladder_v3/canonical_fingerprint.parquet,True,False
401862708,2,2026-09-12T19:30:00.000Z,-10.5,55.5,-10.0,,-0.5,,,,0.755,,,,-10.5,55.5,-10.0,0.755,2026-09-08 13:58:31.990081+00:00,data/publication/2026/weekly_operations/week_02/fingerprint_ladder_v3/canonical_fingerprint.parquet,True,False
401856674,2,2026-09-12T19:30:00.000Z,10.5,49.5,10.5,,0.0,,,,0.234,,,,10.5,49.5,10.5,0.234,2026-09-08 13:58:31.990081+00:00,data/publication/2026/weekly_operations/week_02/fingerprint_ladder_v3/canonical_fingerprint.parquet,True,False
401856677,2,2026-09-12T19:30:00.000Z,1.5,55.5,-1.0,,2.5,,,,0.527,,,,1.5,55.5,-1.0,0.527,2026-09-08 13:58:31.990081+00:00,data/publication/2026/weekly_operations/week_02/fingerprint_ladder_v3/canonical_fingerprint.parquet,True,False
401858216,2,2026-09-12T19:30:00.000Z,-3.5,56.5,-3.0,,-0.5,,,,0.582,,,,-3.5,56.5,-3.0,0.582,2026-09-08 13:58:31.990081+00:00,data/publication/2026/weekly_operations/week_02/fingerprint_ladder_v3/canonical_fingerprint.parquet,True,False
401860884,2,2026-09-12T19:30:00.000Z,-1.5,64.5,-1.5,,0.0,,,,0.541,,,,-1.5,64.5,-1.5,0.541,2026-09-08 13:58:31.990081+00:00,data/publication/2026/weekly_operations/week_02/fingerprint_ladder_v3/canonical_fingerprint.parquet,True,False
401856790,2,2026-09-12T19:30:00.000Z,-7.0,57.5,-7.0,,0.0,,,,0.685,,,,-7.0,57.5,-7.0,0.685,2026-09-08 13:58:31.990081+00:00,data/publication/2026/weekly_operations/week_02/fingerprint_ladder_v3/canonical_fingerprint.parquet,True,False
401862705,2,2026-09-12T19:45:00.000Z,3.5,56.5,3.5,,0.0,,,,0.405,,,,3.5,56.5,3.5,0.405,2026-09-08 13:58:31.990081+00:00,data/publication/2026/weekly_operations/week_02/fingerprint_ladder_v3/canonical_fingerprint.parquet,True,False
401856684,2,2026-09-12T20:15:00.000Z,-20.5,54.5,-21.0,,0.5,,,,0.926,,,,-20.5,54.5,-21.0,0.926,2026-09-08 13:58:31.990081+00:00,data/publication/2026/weekly_operations/week_02/fingerprint_ladder_v3/canonical_fingerprint.parquet,True,False
401860881,2,2026-09-12T22:00:00.000Z,-8.5,54.5,-9.5,,1.0,,,,0.744,,,,-8.5,54.5,-9.5,0.744,2026-09-08 13:58:31.990081+00:00,data/publication/2026/weekly_operations/week_02/fingerprint_ladder_v3/canonical_fingerprint.parquet,True,False
401866418,2,2026-09-12T22:00:00.000Z,-3.0,51.5,-2.5,,-0.5,,,,0.568,,,,-3.0,51.5,-2.5,0.568,2026-09-08 13:58:31.990081+00:00,data/publication/2026/weekly_operations/week_02/fingerprint_ladder_v3/canonical_fingerprint.parquet,True,False
401866414,2,2026-09-12T22:00:00.000Z,-10.5,47.5,-10.0,,-0.5,,,,0.755,,,,-10.5,47.5,-10.0,0.755,2026-09-08 13:58:31.990081+00:00,data/publication/2026/weekly_operations/week_02/fingerprint_ladder_v3/canonical_fingerprint.parquet,True,False
401864575,2,2026-09-12T23:00:00.000Z,-9.5,49.5,-9.5,,0.0,,,,0.744,,,,-9.5,49.5,-9.5,0.744,2026-09-08 13:58:31.990081+00:00,data/publication/2026/weekly_operations/week_02/fingerprint_ladder_v3/canonical_fingerprint.parquet,True,False
401871045,2,2026-09-12T23:00:00.000Z,-14.0,58.5,-13.5,,-0.5,,,,0.824,,,,-14.0,58.5,-13.5,0.824,2026-09-08 13:58:31.990081+00:00,data/publication/2026/weekly_operations/week_02/fingerprint_ladder_v3/canonical_fingerprint.parquet,True,False
401869955,2,2026-09-12T23:00:00.000Z,-9.5,54.5,-9.5,,0.0,,,,0.744,,,,-9.5,54.5,-9.5,0.744,2026-09-08 13:58:31.990081+00:00,data/publication/2026/weekly_operations/week_02/fingerprint_ladder_v3/canonical_fingerprint.parquet,True,False
401858441,2,2026-09-12T23:00:00.000Z,-28.5,51.5,-29.0,,0.5,,,,0.977,,,,-28.5,51.5,-29.0,0.977,2026-09-08 13:58:31.990081+00:00,data/publication/2026/weekly_operations/week_02/fingerprint_ladder_v3/canonical_fingerprint.parquet,True,False
401856681,2,2026-09-12T23:00:00.000Z,12.5,55.5,12.5,,0.0,,,,0.194,,,,12.5,55.5,12.5,0.194,2026-09-08 13:58:31.990081+00:00,data/publication/2026/weekly_operations/week_02/fingerprint_ladder_v3/canonical_fingerprint.parquet,True,False
401862707,2,2026-09-12T23:00:00.000Z,13.5,51.5,13.5,,0.0,,,,0.176,,,,13.5,51.5,13.5,0.176,2026-09-08 13:58:31.990081+00:00,data/publication/2026/weekly_operations/week_02/fingerprint_ladder_v3/canonical_fingerprint.parquet,True,False
401858443,2,2026-09-12T23:15:00.000Z,-11.5,53.5,-11.5,,0.0,,,,0.786,,,,-11.5,53.5,-11.5,0.786,2026-09-08 13:58:31.990081+00:00,data/publication/2026/weekly_operations/week_02/fingerprint_ladder_v3/canonical_fingerprint.parquet,True,False
401856783,2,2026-09-12T23:30:00.000Z,26.5,51.5,25.5,,1.0,,,,0.039,,,,26.5,51.5,25.5,0.039,2026-09-08 13:58:31.990081+00:00,data/publication/2026/weekly_operations/week_02/fingerprint_ladder_v3/canonical_fingerprint.parquet,True,False
401856682,2,2026-09-12T23:30:00.000Z,-1.5,48.5,-2.0,,0.5,,,,0.555,,,,-1.5,48.5,-2.0,0.555,2026-09-08 13:58:31.990081+00:00,data/publication/2026/weekly_operations/week_02/fingerprint_ladder_v3/canonical_fingerprint.parquet,True,False
401858219,2,2026-09-12T23:30:00.000Z,-20.5,55.5,-21.5,,1.0,,,,0.931,,,,-20.5,55.5,-21.5,0.931,2026-09-08 13:58:31.990081+00:00,data/publication/2026/weekly_operations/week_02/fingerprint_ladder_v3/canonical_fingerprint.parquet,True,False
401862703,2,2026-09-12T23:30:00.000Z,4.5,59.5,5.5,,-1.0,,,,0.352,,,,4.5,59.5,5.5,0.352,2026-09-08 13:58:31.990081+00:00,data/publication/2026/weekly_operations/week_02/fingerprint_ladder_v3/canonical_fingerprint.parquet,True,False
401856788,2,2026-09-12T23:30:00.000Z,-14.5,41.5,-15.5,,1.0,,,,0.857,,,,-14.5,41.5,-15.5,0.857,2026-09-08 13:58:31.990081+00:00,data/publication/2026/weekly_operations/week_02/fingerprint_ladder_v3/canonical_fingerprint.parquet,True,False
401867796,2,2026-09-12T23:30:00.000Z,-35.5,55.5,-36.5,,1.0,,,,0.994,,,,-35.5,55.5,-36.5,0.994,2026-09-08 13:58:31.990081+00:00,data/publication/2026/weekly_operations/week_02/fingerprint_ladder_v3/canonical_fingerprint.parquet,True,False
401856671,2,2026-09-12T23:45:00.000Z,-33.5,54.5,-32.5,,-1.0,,,,0.987,,,,-33.5,54.5,-32.5,0.987,2026-09-08 13:58:31.990081+00:00,data/publication/2026/weekly_operations/week_02/fingerprint_ladder_v3/canonical_fingerprint.parquet,True,False
401856676,2,2026-09-12T23:45:00.000Z,-47.5,61.5,-47.5,,0.0,,,,0.999,,,,-47.5,61.5,-47.5,0.999,2026-09-08 13:58:31.990081+00:00,data/publication/2026/weekly_operations/week_02/fingerprint_ladder_v3/canonical_fingerprint.parquet,True,False
401864502,2,2026-09-13T02:00:00.000Z,2.5,47.5,2.5,,0.0,,,,0.432,,,,2.5,47.5,2.5,0.432,2026-09-08 13:58:31.990081+00:00,data/publication/2026/weekly_operations/week_02/fingerprint_ladder_v3/canonical_fingerprint.parquet,True,False
401856670,2,2026-09-13T02:15:00.000Z,-12.5,56.5,-11.5,,-1.0,,,,0.786,,,,-12.5,56.5,-11.5,0.786,2026-09-08 13:58:31.990081+00:00,data/publication/2026/weekly_operations/week_02/fingerprint_ladder_v3/canonical_fingerprint.parquet,True,False
401860883,2,2026-09-13T02:30:00.000Z,-18.5,45.5,-18.0,,-0.5,,,,0.893,,,,-18.5,45.5,-18.0,0.893,2026-09-08 13:58:31.990081+00:00,data/publication/2026/weekly_operations/week_02/fingerprint_ladder_v3/canonical_fingerprint.parquet,True,False
401858445,2,2026-09-13T03:00:00.000Z,-31.5,60.5,-30.5,,-1.0,,,,0.982,,,,-31.5,60.5,-30.5,0.982,2026-09-08 13:58:31.990081+00:00,data/publication/2026/weekly_operations/week_02/fingerprint_ladder_v3/canonical_fingerprint.parquet,True,False
401864578,2,2026-09-13T03:59:00.000Z,-8.5,50.5,-8.5,,0.0,,,,0.721,,,,-8.5,50.5,-8.5,0.721,2026-09-08 13:58:31.990081+00:00,data/publication/2026/weekly_operations/week_02/fingerprint_ladder_v3/canonical_fingerprint.parquet,True,False
401858225,3,2026-09-17T23:30:00.000Z,-10.0,53.5,-10.0,,0.0,,,,0.755,,,,-10.0,53.5,-10.0,0.755,2026-09-13 18:22:12.165935+00:00,data/publication/2026/weekly_operations/week_03/fingerprint_ladder_v3/canonical_fingerprint.parquet,True,False
401858226,3,2026-09-18T23:30:00.000Z,23.5,55.5,23.5,,0.0,,,,0.053,,,,23.5,55.5,23.5,0.053,2026-09-13 18:22:12.165935+00:00,data/publication/2026/weekly_operations/week_03/fingerprint_ladder_v3/canonical_fingerprint.parquet,True,False
401856811,3,2026-09-19T00:00:00.000Z,-9.5,,-9.5,,0.0,,,,0.744,,,,-9.5,,-9.5,0.744,2026-09-13 18:22:12.165935+00:00,data/publication/2026/weekly_operations/week_03/fingerprint_ladder_v3/canonical_fingerprint.parquet,True,False
401869940,3,2026-09-19T15:30:00.000Z,-4.5,58.5,-4.5,,0.0,,,,0.622,,,,-4.5,58.5,-4.5,0.622,2026-09-13 18:22:12.165935+00:00,data/publication/2026/weekly_operations/week_03/fingerprint_ladder_v3/canonical_fingerprint.parquet,True,False
401858456,3,2026-09-19T16:00:00.000Z,-39.5,48.5,-39.5,,0.0,,,,0.997,,,,-39.5,48.5,-39.5,0.997,2026-09-13 18:22:12.165935+00:00,data/publication/2026/weekly_operations/week_03/fingerprint_ladder_v3/canonical_fingerprint.parquet,True,False
401856686,3,2026-09-19T16:00:00.000Z,24.5,53.5,24.5,,0.0,,,,0.046,,,,24.5,53.5,24.5,0.046,2026-09-13 18:22:12.165935+00:00,data/publication/2026/weekly_operations/week_03/fingerprint_ladder_v3/canonical_fingerprint.parquet,True,False
401858229,3,2026-09-19T16:00:00.000Z,-5.5,44.5,-5.5,,0.0,,,,0.648,,,,-5.5,44.5,-5.5,0.648,2026-09-13 18:22:12.165935+00:00,data/publication/2026/weekly_operations/week_03/fingerprint_ladder_v3/canonical_fingerprint.parquet,True,False
401858454,3,2026-09-19T16:00:00.000Z,-51.5,57.5,-51.5,,0.0,,,,1.0,,,,-51.5,57.5,-51.5,1.0,2026-09-13 18:22:12.165935+00:00,data/publication/2026/weekly_operations/week_03/fingerprint_ladder_v3/canonical_fingerprint.parquet,True,False
401860889,3,2026-09-19T16:00:00.000Z,-3.0,63.5,-3.0,,0.0,,,,0.582,,,,-3.0,63.5,-3.0,0.582,2026-09-13 18:22:12.165935+00:00,data/publication/2026/weekly_operations/week_03/fingerprint_ladder_v3/canonical_fingerprint.parquet,True,False
401858451,3,2026-09-19T16:00:00.000Z,-26.5,48.5,-26.5,,0.0,,,,0.966,,,,-26.5,48.5,-26.5,0.966,2026-09-13 18:22:12.165935+00:00,data/publication/2026/weekly_operations/week_03/fingerprint_ladder_v3/canonical_fingerprint.parquet,True,False
401856798,3,2026-09-19T16:00:00.000Z,-22.5,45.5,-22.5,,0.0,,,,0.94,,,,-22.5,45.5,-22.5,0.94,2026-09-13 18:22:12.165935+00:00,data/publication/2026/weekly_operations/week_03/fingerprint_ladder_v3/canonical_fingerprint.parquet,True,False
401856792,3,2026-09-19T16:00:00.000Z,-19.5,49.5,-19.5,,0.0,,,,0.911,,,,-19.5,49.5,-19.5,0.911,2026-09-13 18:22:12.165935+00:00,data/publication/2026/weekly_operations/week_03/fingerprint_ladder_v3/canonical_fingerprint.parquet,True,False
401856812,3,2026-09-19T16:00:00.000Z,5.5,55.5,5.5,,0.0,,,,0.352,,,,5.5,55.5,5.5,0.352,2026-09-13 18:22:12.165935+00:00,data/publication/2026/weekly_operations/week_03/fingerprint_ladder_v3/canonical_fingerprint.parquet,True,False
401858460,3,2026-09-19T16:30:00.000Z,-24.5,45.5,-24.5,,0.0,,,,0.954,,,,-24.5,45.5,-24.5,0.954,2026-09-13 18:22:12.165935+00:00,data/publication/2026/weekly_operations/week_03/fingerprint_ladder_v3/canonical_fingerprint.parquet,True,False
401856695,3,2026-09-19T16:45:00.000Z,-4.0,54.5,-4.0,,0.0,,,,0.609,,,,-4.0,54.5,-4.0,0.609,2026-09-13 18:22:12.165935+00:00,data/publication/2026/weekly_operations/week_03/fingerprint_ladder_v3/canonical_fingerprint.parquet,True,False
401864508,3,2026-09-19T17:00:00.000Z,-2.5,39.5,-2.5,,0.0,,,,0.568,,,,-2.5,39.5,-2.5,0.568,2026-09-13 18:22:12.165935+00:00,data/publication/2026/weekly_operations/week_03/fingerprint_ladder_v3/canonical_fingerprint.parquet,True,False
401862774,3,2026-09-19T19:00:00.000Z,-4.0,52.5,-4.0,,0.0,,,,0.609,,,,-4.0,52.5,-4.0,0.609,2026-09-13 18:22:12.165935+00:00,data/publication/2026/weekly_operations/week_03/fingerprint_ladder_v3/canonical_fingerprint.parquet,True,False
401856685,3,2026-09-19T19:30:00.000Z,-18.5,50.5,-18.5,,0.0,,,,0.899,,,,-18.5,50.5,-18.5,0.899,2026-09-13 18:22:12.165935+00:00,data/publication/2026/weekly_operations/week_03/fingerprint_ladder_v3/canonical_fingerprint.parquet,True,False
401856694,3,2026-09-19T19:30:00.000Z,-15.5,48.5,-15.5,,0.0,,,,0.857,,,,-15.5,48.5,-15.5,0.857,2026-09-13 18:22:12.165935+00:00,data/publication/2026/weekly_operations/week_03/fingerprint_ladder_v3/canonical_fingerprint.parquet,True,False
401858457,3,2026-09-19T19:30:00.000Z,24.5,57.5,24.5,,0.0,,,,0.046,,,,24.5,57.5,24.5,0.046,2026-09-13 18:22:12.165935+00:00,data/publication/2026/weekly_operations/week_03/fingerprint_ladder_v3/canonical_fingerprint.parquet,True,False
401858450,3,2026-09-19T19:30:00.000Z,-36.5,49.5,-36.5,,0.0,,,,0.994,,,,-36.5,49.5,-36.5,0.994,2026-09-13 18:22:12.165935+00:00,data/publication/2026/weekly_operations/week_03/fingerprint_ladder_v3/canonical_fingerprint.parquet,True,False
401858230,3,2026-09-19T19:30:00.000Z,-1.5,59.5,-1.5,,0.0,,,,0.541,,,,-1.5,59.5,-1.5,0.541,2026-09-13 18:22:12.165935+00:00,data/publication/2026/weekly_operations/week_03/fingerprint_ladder_v3/canonical_fingerprint.parquet,True,False
401856797,3,2026-09-19T19:30:00.000Z,-15.5,49.5,-15.5,,0.0,,,,0.857,,,,-15.5,49.5,-15.5,0.857,2026-09-13 18:22:12.165935+00:00,data/publication/2026/weekly_operations/week_03/fingerprint_ladder_v3/canonical_fingerprint.parquet,True,False
401856801,3,2026-09-19T19:30:00.000Z,-27.5,57.5,-27.5,,0.0,,,,0.971,,,,-27.5,57.5,-27.5,0.971,2026-09-13 18:22:12.165935+00:00,data/publication/2026/weekly_operations/week_03/fingerprint_ladder_v3/canonical_fingerprint.parquet,True,False
401858231,3,2026-09-19T20:00:00.000Z,-10.0,50.5,-10.0,,0.0,,,,0.755,,,,-10.0,50.5,-10.0,0.755,2026-09-13 18:22:12.165935+00:00,data/publication/2026/weekly_operations/week_03/fingerprint_ladder_v3/canonical_fingerprint.parquet,True,False
401867804,3,2026-09-19T20:00:00.000Z,-17.5,55.5,-17.5,,0.0,,,,0.886,,,,-17.5,55.5,-17.5,0.886,2026-09-13 18:22:12.165935+00:00,data/publication/2026/weekly_operations/week_03/fingerprint_ladder_v3/canonical_fingerprint.parquet,True,False
401858449,3,2026-09-19T20:00:00.000Z,-44.5,59.5,-44.5,,0.0,,,,0.999,,,,-44.5,59.5,-44.5,0.999,2026-09-13 18:22:12.165935+00:00,data/publication/2026/weekly_operations/week_03/fingerprint_ladder_v3/canonical_fingerprint.parquet,True,False
401866422,3,2026-09-19T20:00:00.000Z,-14.5,55.5,-14.5,,0.0,,,,0.841,,,,-14.5,55.5,-14.5,0.841,2026-09-13 18:22:12.165935+00:00,data/publication/2026/weekly_operations/week_03/fingerprint_ladder_v3/canonical_fingerprint.parquet,True,False
401856691,3,2026-09-19T20:15:00.000Z,-3.5,58.5,-3.5,,0.0,,,,0.595,,,,-3.5,58.5,-3.5,0.595,2026-09-13 18:22:12.165935+00:00,data/publication/2026/weekly_operations/week_03/fingerprint_ladder_v3/canonical_fingerprint.parquet,True,False
401864574,3,2026-09-19T22:00:00.000Z,-19.5,53.5,-19.5,,0.0,,,,0.911,,,,-19.5,53.5,-19.5,0.911,2026-09-13 18:22:12.165935+00:00,data/publication/2026/weekly_operations/week_03/fingerprint_ladder_v3/canonical_fingerprint.parquet,True,False
401862771,3,2026-09-19T22:00:00.000Z,-7.5,62.5,-7.5,,0.0,,,,0.698,,,,-7.5,62.5,-7.5,0.698,2026-09-13 18:22:12.165935+00:00,data/publication/2026/weekly_operations/week_03/fingerprint_ladder_v3/canonical_fingerprint.parquet,True,False
401862710,3,2026-09-19T22:00:00.000Z,-2.5,49.5,-2.5,,0.0,,,,0.568,,,,-2.5,49.5,-2.5,0.568,2026-09-13 18:22:12.165935+00:00,data/publication/2026/weekly_operations/week_03/fingerprint_ladder_v3/canonical_fingerprint.parquet,True,False
401871047,3,2026-09-19T22:30:00.000Z,4.5,53.5,4.5,,0.0,,,,0.378,,,,4.5,53.5,4.5,0.378,2026-09-13 18:22:12.165935+00:00,data/publication/2026/weekly_operations/week_03/fingerprint_ladder_v3/canonical_fingerprint.parquet,True,False
401856689,3,2026-09-19T23:00:00.000Z,-27.5,49.5,-27.5,,0.0,,,,0.971,,,,-27.5,49.5,-27.5,0.971,2026-09-13 18:22:12.165935+00:00,data/publication/2026/weekly_operations/week_03/fingerprint_ladder_v3/canonical_fingerprint.parquet,True,False
401856800,3,2026-09-19T23:00:00.000Z,-21.0,49.5,-21.0,,0.0,,,,0.926,,,,-21.0,49.5,-21.0,0.926,2026-09-13 18:22:12.165935+00:00,data/publication/2026/weekly_operations/week_03/fingerprint_ladder_v3/canonical_fingerprint.parquet,True,False
401866423,3,2026-09-19T23:00:00.000Z,-4.5,53.5,-4.5,,0.0,,,,0.622,,,,-4.5,53.5,-4.5,0.622,2026-09-13 18:22:12.165935+00:00,data/publication/2026/weekly_operations/week_03/fingerprint_ladder_v3/canonical_fingerprint.parquet,True,False
401864443,3,2026-09-19T23:00:00.000Z,6.5,49.5,6.5,,0.0,,,,0.327,,,,6.5,49.5,6.5,0.327,2026-09-13 18:22:12.165935+00:00,data/publication/2026/weekly_operations/week_03/fingerprint_ladder_v3/canonical_fingerprint.parquet,True,False
401862773,3,2026-09-19T23:00:00.000Z,11.5,45.5,11.5,,0.0,,,,0.214,,,,11.5,45.5,11.5,0.214,2026-09-13 18:22:12.165935+00:00,data/publication/2026/weekly_operations/week_03/fingerprint_ladder_v3/canonical_fingerprint.parquet,True,False
401869948,3,2026-09-19T23:00:00.000Z,-3.0,53.5,-3.0,,0.0,,,,0.582,,,,-3.0,53.5,-3.0,0.582,2026-09-13 18:22:12.165935+00:00,data/publication/2026/weekly_operations/week_03/fingerprint_ladder_v3/canonical_fingerprint.parquet,True,False
401856687,3,2026-09-19T23:00:00.000Z,2.5,53.5,2.5,,0.0,,,,0.432,,,,2.5,53.5,2.5,0.432,2026-09-13 18:22:12.165935+00:00,data/publication/2026/weekly_operations/week_03/fingerprint_ladder_v3/canonical_fingerprint.parquet,True,False
401861963,3,2026-09-19T23:00:00.000Z,3.0,55.5,3.0,,0.0,,,,0.418,,,,3.0,55.5,3.0,0.418,2026-09-13 18:22:12.165935+00:00,data/publication/2026/weekly_operations/week_03/fingerprint_ladder_v3/canonical_fingerprint.parquet,True,False
401856796,3,2026-09-19T23:30:00.000Z,-3.5,47.5,-3.5,,0.0,,,,0.595,,,,-3.5,47.5,-3.5,0.595,2026-09-13 18:22:12.165935+00:00,data/publication/2026/weekly_operations/week_03/fingerprint_ladder_v3/canonical_fingerprint.parquet,True,False
401858232,3,2026-09-19T23:30:00.000Z,3.0,54.5,3.0,,0.0,,,,0.418,,,,3.0,54.5,3.0,0.418,2026-09-13 18:22:12.165935+00:00,data/publication/2026/weekly_operations/week_03/fingerprint_ladder_v3/canonical_fingerprint.parquet,True,False
401856690,3,2026-09-19T23:30:00.000Z,-23.5,48.5,-23.5,,0.0,,,,0.947,,,,-23.5,48.5,-23.5,0.947,2026-09-13 18:22:12.165935+00:00,data/publication/2026/weekly_operations/week_03/fingerprint_ladder_v3/canonical_fingerprint.parquet,True,False
401856802,3,2026-09-19T23:30:00.000Z,-9.5,53.5,-9.5,,0.0,,,,0.744,,,,-9.5,53.5,-9.5,0.744,2026-09-13 18:22:12.165935+00:00,data/publication/2026/weekly_operations/week_03/fingerprint_ladder_v3/canonical_fingerprint.parquet,True,False
401858453,3,2026-09-19T23:30:00.000Z,-29.5,53.5,-29.5,,0.0,,,,0.979,,,,-29.5,53.5,-29.5,0.979,2026-09-13 18:22:12.165935+00:00,data/publication/2026/weekly_operations/week_03/fingerprint_ladder_v3/canonical_fingerprint.parquet,True,False
401856688,3,2026-09-19T23:30:00.000Z,2.5,58.5,2.5,,0.0,,,,0.432,,,,2.5,58.5,2.5,0.432,2026-09-13 18:22:12.165935+00:00,data/publication/2026/weekly_operations/week_03/fingerprint_ladder_v3/canonical_fingerprint.parquet,True,False
401856795,3,2026-09-19T23:30:00.000Z,21.0,52.5,21.0,,0.0,,,,0.074,,,,21.0,52.5,21.0,0.074,2026-09-13 18:22:12.165935+00:00,data/publication/2026/weekly_operations/week_03/fingerprint_ladder_v3/canonical_fingerprint.parquet,True,False
401856692,3,2026-09-19T23:45:00.000Z,-34.5,59.5,-34.5,,0.0,,,,0.991,,,,-34.5,59.5,-34.5,0.991,2026-09-13 18:22:12.165935+00:00,data/publication/2026/weekly_operations/week_03/fingerprint_ladder_v3/canonical_fingerprint.parquet,True,False
401856693,3,2026-09-20T00:00:00.000Z,-29.5,57.5,-29.5,,0.0,,,,0.979,,,,-29.5,57.5,-29.5,0.979,2026-09-13 18:22:12.165935+00:00,data/publication/2026/weekly_operations/week_03/fingerprint_ladder_v3/canonical_fingerprint.parquet,True,False
401856799,3,2026-09-20T00:00:00.000Z,-20.5,57.5,-20.5,,0.0,,,,0.921,,,,-20.5,57.5,-20.5,0.921,2026-09-13 18:22:12.165935+00:00,data/publication/2026/weekly_operations/week_03/fingerprint_ladder_v3/canonical_fingerprint.parquet,True,False
401862776,3,2026-09-20T00:00:00.000Z,-10.0,59.5,-10.0,,0.0,,,,0.755,,,,-10.0,59.5,-10.0,0.755,2026-09-13 18:22:12.165935+00:00,data/publication/2026/weekly_operations/week_03/fingerprint_ladder_v3/canonical_fingerprint.parquet,True,False
401860887,3,2026-09-20T02:00:00.000Z,-1.5,46.5,-1.5,,0.0,,,,0.541,,,,-1.5,46.5,-1.5,0.541,2026-09-13 18:22:12.165935+00:00,data/publication/2026/weekly_operations/week_03/fingerprint_ladder_v3/canonical_fingerprint.parquet,True,False
401864507,3,2026-09-20T02:30:00.000Z,26.5,53.5,26.5,,0.0,,,,0.034,,,,26.5,53.5,26.5,0.034,2026-09-13 18:22:12.165935+00:00,data/publication/2026/weekly_operations/week_03/fingerprint_ladder_v3/canonical_fingerprint.parquet,True,False
401856793,3,2026-09-20T02:30:00.000Z,-35.5,49.5,-35.5,,0.0,,,,0.993,,,,-35.5,49.5,-35.5,0.993,2026-09-13 18:22:12.165935+00:00,data/publication/2026/weekly_operations/week_03/fingerprint_ladder_v3/canonical_fingerprint.parquet,True,False
401860888,3,2026-09-20T03:00:00.000Z,7.0,52.5,7.0,,0.0,,,,0.315,,,,7.0,52.5,7.0,0.315,2026-09-13 18:22:12.165935+00:00,data/publication/2026/weekly_operations/week_03/fingerprint_ladder_v3/canonical_fingerprint.parquet,True,False
401858458,3,2026-09-20T03:00:00.000Z,-14.0,53.5,-14.0,,0.0,,,,0.833,,,,-14.0,53.5,-14.0,0.833,2026-09-13 18:22:12.165935+00:00,data/publication/2026/weekly_operations/week_03/fingerprint_ladder_v3/canonical_fingerprint.parquet,True,False
401869941,4,2026-09-24T23:30:00.000Z,3.0,52.0,3.0,,0.0,,,,0.418,,,,3.0,52.0,3.0,0.418,2026-09-21 18:28:41.238731+00:00,data/publication/2026/weekly_operations/week_04/fingerprint_ladder_v3/canonical_fingerprint.parquet,True,False
401862779,4,2026-09-25T20:00:00.000Z,3.0,48.0,3.0,,0.0,,,,0.418,,,,3.0,48.0,3.0,0.418,2026-09-21 18:28:41.238731+00:00,data/publication/2026/weekly_operations/week_04/fingerprint_ladder_v3/canonical_fingerprint.parquet,True,False
401862778,4,2026-09-25T23:00:00.000Z,7.0,51.5,7.0,,0.0,,,,0.315,,,,7.0,51.5,7.0,0.315,2026-09-21 18:28:41.238731+00:00,data/publication/2026/weekly_operations/week_04/fingerprint_ladder_v3/canonical_fingerprint.parquet,True,False
401858461,4,2026-09-26T00:00:00.000Z,-21.0,49.5,-20.5,,-0.5,,,,0.921,,,,-21.0,49.5,-20.5,0.921,2026-09-21 18:28:41.238731+00:00,data/publication/2026/weekly_operations/week_04/fingerprint_ladder_v3/canonical_fingerprint.parquet,True,False
401858234,4,2026-09-26T02:30:00.000Z,-1.5,50.5,-1.5,,0.0,,,,0.541,,,,-1.5,50.5,-1.5,0.541,2026-09-21 18:28:41.238731+00:00,data/publication/2026/weekly_operations/week_04/fingerprint_ladder_v3/canonical_fingerprint.parquet,True,False
401856805,4,2026-09-26T16:00:00.000Z,-34.5,54.5,-35.0,,0.5,,,,0.992,,,,-34.5,54.5,-35.0,0.992,2026-09-21 18:28:41.238731+00:00,data/publication/2026/weekly_operations/week_04/fingerprint_ladder_v3/canonical_fingerprint.parquet,True,False
401864512,4,2026-09-26T16:00:00.000Z,13.5,50.5,13.5,,0.0,,,,0.176,,,,13.5,50.5,13.5,0.176,2026-09-21 18:28:41.238731+00:00,data/publication/2026/weekly_operations/week_04/fingerprint_ladder_v3/canonical_fingerprint.parquet,True,False
401860896,4,2026-09-26T16:00:00.000Z,-12.5,58.5,-12.5,,0.0,,,,0.806,,,,-12.5,58.5,-12.5,0.806,2026-09-21 18:28:41.238731+00:00,data/publication/2026/weekly_operations/week_04/fingerprint_ladder_v3/canonical_fingerprint.parquet,True,False
401860893,4,2026-09-26T16:00:00.000Z,-3.0,50.5,-3.0,,0.0,,,,0.582,,,,-3.0,50.5,-3.0,0.582,2026-09-21 18:28:41.238731+00:00,data/publication/2026/weekly_operations/week_04/fingerprint_ladder_v3/canonical_fingerprint.parquet,True,False
401858242,4,2026-09-26T16:00:00.000Z,14.0,50.5,14.0,,0.0,,,,0.167,,,,14.0,50.5,14.0,0.167,2026-09-21 18:28:41.238731+00:00,data/publication/2026/weekly_operations/week_04/fingerprint_ladder_v3/canonical_fingerprint.parquet,True,False
401858465,4,2026-09-26T16:00:00.000Z,-27.5,53.5,-27.0,,-0.5,,,,0.969,,,,-27.5,53.5,-27.0,0.969,2026-09-21 18:28:41.238731+00:00,data/publication/2026/weekly_operations/week_04/fingerprint_ladder_v3/canonical_fingerprint.parquet,True,False
401866425,4,2026-09-26T16:00:00.000Z,-3.0,49.5,-3.0,,0.0,,,,0.582,,,,-3.0,49.5,-3.0,0.582,2026-09-21 18:28:41.238731+00:00,data/publication/2026/weekly_operations/week_04/fingerprint_ladder_v3/canonical_fingerprint.parquet,True,False
401856813,4,2026-09-26T16:00:00.000Z,-10.0,55.5,-9.5,,-0.5,,,,0.744,,,,-10.0,55.5,-9.5,0.744,2026-09-21 18:28:41.238731+00:00,data/publication/2026/weekly_operations/week_04/fingerprint_ladder_v3/canonical_fingerprint.parquet,True,False
401856704,4,2026-09-26T16:00:00.000Z,4.5,55.5,5.0,,-0.5,,,,0.365,,,,4.5,55.5,5.0,0.365,2026-09-21 18:28:41.238731+00:00,data/publication/2026/weekly_operations/week_04/fingerprint_ladder_v3/canonical_fingerprint.parquet,True,False
401858243,4,2026-09-26T16:00:00.000Z,-12.5,58.5,-12.5,,0.0,,,,0.806,,,,-12.5,58.5,-12.5,0.806,2026-09-21 18:28:41.238731+00:00,data/publication/2026/weekly_operations/week_04/fingerprint_ladder_v3/canonical_fingerprint.parquet,True,False
401864576,4,2026-09-26T16:45:00.000Z,-20.5,53.5,-20.5,,0.0,,,,0.921,,,,-20.5,53.5,-20.5,0.921,2026-09-21 18:28:41.238731+00:00,data/publication/2026/weekly_operations/week_04/fingerprint_ladder_v3/canonical_fingerprint.parquet,True,False
401858462,4,2026-09-26T17:30:00.000Z,1.5,57.5,2.0,,-0.5,,,,0.445,,,,1.5,57.5,2.0,0.445,2026-09-21 18:28:41.238731+00:00,data/publication/2026/weekly_operations/week_04/fingerprint_ladder_v3/canonical_fingerprint.parquet,True,False
401864511,4,2026-09-26T18:00:00.000Z,-10.0,56.5,-10.0,,0.0,,,,0.755,,,,-10.0,56.5,-10.0,0.755,2026-09-21 18:28:41.238731+00:00,data/publication/2026/weekly_operations/week_04/fingerprint_ladder_v3/canonical_fingerprint.parquet,True,False
401858467,4,2026-09-26T18:00:00.000Z,27.5,57.5,28.0,,-0.5,,,,0.027,,,,27.5,57.5,28.0,0.027,2026-09-21 18:28:41.238731+00:00,data/publication/2026/weekly_operations/week_04/fingerprint_ladder_v3/canonical_fingerprint.parquet,True,False
401864510,4,2026-09-26T19:00:00.000Z,3.0,45.5,3.0,,0.0,,,,0.418,,,,3.0,45.5,3.0,0.418,2026-09-21 18:28:41.238731+00:00,data/publication/2026/weekly_operations/week_04/fingerprint_ladder_v3/canonical_fingerprint.parquet,True,False
401856699,4,2026-09-26T19:30:00.000Z,-3.5,60.5,-3.5,,0.0,,,,0.595,,,,-3.5,60.5,-3.5,0.595,2026-09-21 18:28:41.238731+00:00,data/publication/2026/weekly_operations/week_04/fingerprint_ladder_v3/canonical_fingerprint.parquet,True,False
401864579,4,2026-09-26T19:30:00.000Z,12.5,48.5,13.0,,-0.5,,,,0.185,,,,12.5,48.5,13.0,0.185,2026-09-21 18:28:41.238731+00:00,data/publication/2026/weekly_operations/week_04/fingerprint_ladder_v3/canonical_fingerprint.parquet,True,False
401856700,4,2026-09-26T19:30:00.000Z,-14.0,43.5,-14.0,,0.0,,,,0.833,,,,-14.0,43.5,-14.0,0.833,2026-09-21 18:28:41.238731+00:00,data/publication/2026/weekly_operations/week_04/fingerprint_ladder_v3/canonical_fingerprint.parquet,True,False
401858463,4,2026-09-26T19:30:00.000Z,-5.5,38.5,-5.5,,0.0,,,,0.648,,,,-5.5,38.5,-5.5,0.648,2026-09-21 18:28:41.238731+00:00,data/publication/2026/weekly_operations/week_04/fingerprint_ladder_v3/canonical_fingerprint.parquet,True,False
401860897,4,2026-09-26T19:30:00.000Z,7.0,48.5,7.0,,0.0,,,,0.315,,,,7.0,48.5,7.0,0.315,2026-09-21 18:28:41.238731+00:00,data/publication/2026/weekly_operations/week_04/fingerprint_ladder_v3/canonical_fingerprint.parquet,True,False
401861970,4,2026-09-26T19:30:00.000Z,-4.5,51.5,-3.5,,-1.0,,,,0.595,,,,-4.5,51.5,-3.5,0.595,2026-09-21 18:28:41.238731+00:00,data/publication/2026/weekly_operations/week_04/fingerprint_ladder_v3/canonical_fingerprint.parquet,True,False
401856815,4,2026-09-26T19:30:00.000Z,3.0,49.5,3.5,,-0.5,,,,0.405,,,,3.0,49.5,3.5,0.405,2026-09-21 18:28:41.238731+00:00,data/publication/2026/weekly_operations/week_04/fingerprint_ladder_v3/canonical_fingerprint.parquet,True,False
401856816,4,2026-09-26T19:30:00.000Z,7.5,48.5,8.0,,-0.5,,,,0.291,,,,7.5,48.5,8.0,0.291,2026-09-21 18:28:41.238731+00:00,data/publication/2026/weekly_operations/week_04/fingerprint_ladder_v3/canonical_fingerprint.parquet,True,False
401856806,4,2026-09-26T20:00:00.000Z,18.5,54.5,19.0,,-0.5,,,,0.095,,,,18.5,54.5,19.0,0.095,2026-09-21 18:28:41.238731+00:00,data/publication/2026/weekly_operations/week_04/fingerprint_ladder_v3/canonical_fingerprint.parquet,True,False
401856698,4,2026-09-26T20:15:00.000Z,-9.5,55.5,-9.5,,0.0,,,,0.744,,,,-9.5,55.5,-9.5,0.744,2026-09-21 18:28:41.238731+00:00,data/publication/2026/weekly_operations/week_04/fingerprint_ladder_v3/canonical_fingerprint.parquet,True,False
401858466,4,2026-09-26T21:00:00.000Z,-10.0,44.5,-9.5,,-0.5,,,,0.744,,,,-10.0,44.5,-9.5,0.744,2026-09-21 18:28:41.238731+00:00,data/publication/2026/weekly_operations/week_04/fingerprint_ladder_v3/canonical_fingerprint.parquet,True,False
401858464,4,2026-09-26T21:00:00.000Z,5.5,48.5,5.5,,0.0,,,,0.352,,,,5.5,48.5,5.5,0.352,2026-09-21 18:28:41.238731+00:00,data/publication/2026/weekly_operations/week_04/fingerprint_ladder_v3/canonical_fingerprint.parquet,True,False
401862785,4,2026-09-26T21:00:00.000Z,17.5,48.5,17.5,,0.0,,,,0.114,,,,17.5,48.5,17.5,0.114,2026-09-21 18:28:41.238731+00:00,data/publication/2026/weekly_operations/week_04/fingerprint_ladder_v3/canonical_fingerprint.parquet,True,False
401869961,4,2026-09-26T22:00:00.000Z,6.0,47.5,6.0,,0.0,,,,0.34,,,,6.0,47.5,6.0,0.34,2026-09-21 18:28:41.238731+00:00,data/publication/2026/weekly_operations/week_04/fingerprint_ladder_v3/canonical_fingerprint.parquet,True,False
401858239,4,2026-09-26T22:00:00.000Z,-19.5,51.5,-19.5,,0.0,,,,0.911,,,,-19.5,51.5,-19.5,0.911,2026-09-21 18:28:41.238731+00:00,data/publication/2026/weekly_operations/week_04/fingerprint_ladder_v3/canonical_fingerprint.parquet,True,False
401862780,4,2026-09-26T22:30:00.000Z,10.0,49.5,10.0,,0.0,,,,0.245,,,,10.0,49.5,10.0,0.245,2026-09-21 18:28:41.238731+00:00,data/publication/2026/weekly_operations/week_04/fingerprint_ladder_v3/canonical_fingerprint.parquet,True,False
401858238,4,2026-09-26T22:30:00.000Z,-41.5,53.5,-41.0,,-0.5,,,,0.998,,,,-41.5,53.5,-41.0,0.998,2026-09-21 18:28:41.238731+00:00,data/publication/2026/weekly_operations/week_04/fingerprint_ladder_v3/canonical_fingerprint.parquet,True,False
401856881,4,2026-09-26T23:00:00.000Z,-2.5,59.5,-2.5,,0.0,,,,0.568,,,,-2.5,59.5,-2.5,0.568,2026-09-21 18:28:41.238731+00:00,data/publication/2026/weekly_operations/week_04/fingerprint_ladder_v3/canonical_fingerprint.parquet,True,False
401862784,4,2026-09-26T23:00:00.000Z,-18.5,51.5,-18.5,,0.0,,,,0.899,,,,-18.5,51.5,-18.5,0.899,2026-09-21 18:28:41.238731+00:00,data/publication/2026/weekly_operations/week_04/fingerprint_ladder_v3/canonical_fingerprint.parquet,True,False
401856696,4,2026-09-26T23:00:00.000Z,-13.5,54.5,-13.5,,0.0,,,,0.824,,,,-13.5,54.5,-13.5,0.824,2026-09-21 18:28:41.238731+00:00,data/publication/2026/weekly_operations/week_04/fingerprint_ladder_v3/canonical_fingerprint.parquet,True,False
401869931,4,2026-09-26T23:00:00.000Z,-5.5,52.5,-6.0,,0.5,,,,0.66,,,,-5.5,52.5,-6.0,0.66,2026-09-21 18:28:41.238731+00:00,data/publication/2026/weekly_operations/week_04/fingerprint_ladder_v3/canonical_fingerprint.parquet,True,False
401856814,4,2026-09-26T23:00:00.000Z,6.5,55.5,6.0,,0.5,,,,0.34,,,,6.5,55.5,6.0,0.34,2026-09-21 18:28:41.238731+00:00,data/publication/2026/weekly_operations/week_04/fingerprint_ladder_v3/canonical_fingerprint.parquet,True,False
401871048,4,2026-09-26T23:00:00.000Z,-7.0,51.5,-7.0,,0.0,,,,0.685,,,,-7.0,51.5,-7.0,0.685,2026-09-21 18:28:41.238731+00:00,data/publication/2026/weekly_operations/week_04/fingerprint_ladder_v3/canonical_fingerprint.parquet,True,False
401856702,4,2026-09-26T23:30:00.000Z,-9.5,52.5,-10.0,,0.5,,,,0.755,,,,-9.5,52.5,-10.0,0.755,2026-09-21 18:28:41.238731+00:00,data/publication/2026/weekly_operations/week_04/fingerprint_ladder_v3/canonical_fingerprint.parquet,True,False
401864572,4,2026-09-26T23:30:00.000Z,-14.0,54.5,-14.0,,0.0,,,,0.833,,,,-14.0,54.5,-14.0,0.833,2026-09-21 18:28:41.238731+00:00,data/publication/2026/weekly_operations/week_04/fingerprint_ladder_v3/canonical_fingerprint.parquet,True,False
401858469,4,2026-09-26T23:30:00.000Z,3.0,62.5,3.0,,0.0,,,,0.418,,,,3.0,62.5,3.0,0.418,2026-09-21 18:28:41.238731+00:00,data/publication/2026/weekly_operations/week_04/fingerprint_ladder_v3/canonical_fingerprint.parquet,True,False
401860894,4,2026-09-26T23:30:00.000Z,-3.0,48.5,-3.0,,0.0,,,,0.582,,,,-3.0,48.5,-3.0,0.582,2026-09-21 18:28:41.238731+00:00,data/publication/2026/weekly_operations/week_04/fingerprint_ladder_v3/canonical_fingerprint.parquet,True,False
401856804,4,2026-09-26T23:30:00.000Z,10.0,47.5,10.0,,0.0,,,,0.245,,,,10.0,47.5,10.0,0.245,2026-09-21 18:28:41.238731+00:00,data/publication/2026/weekly_operations/week_04/fingerprint_ladder_v3/canonical_fingerprint.parquet,True,False
401856703,4,2026-09-26T23:45:00.000Z,-6.5,58.5,-6.5,,0.0,,,,0.673,,,,-6.5,58.5,-6.5,0.673,2026-09-21 18:28:41.238731+00:00,data/publication/2026/weekly_operations/week_04/fingerprint_ladder_v3/canonical_fingerprint.parquet,True,False
401856697,4,2026-09-27T00:00:00.000Z,-6.5,53.5,-6.5,,0.0,,,,0.673,,,,-6.5,53.5,-6.5,0.673,2026-09-21 18:28:41.238731+00:00,data/publication/2026/weekly_operations/week_04/fingerprint_ladder_v3/canonical_fingerprint.parquet,True,False
401862782,4,2026-09-27T00:00:00.000Z,13.5,57.5,13.5,,0.0,,,,0.176,,,,13.5,57.5,13.5,0.176,2026-09-21 18:28:41.238731+00:00,data/publication/2026/weekly_operations/week_04/fingerprint_ladder_v3/canonical_fingerprint.parquet,True,False
401858241,4,2026-09-27T01:00:00.000Z,-34.5,58.5,-35.0,,0.5,,,,0.992,,,,-34.5,58.5,-35.0,0.992,2026-09-21 18:28:41.238731+00:00,data/publication/2026/weekly_operations/week_04/fingerprint_ladder_v3/canonical_fingerprint.parquet,True,False
401866429,4,2026-09-27T01:00:00.000Z,5.5,48.5,5.5,,0.0,,,,0.352,,,,5.5,48.5,5.5,0.352,2026-09-21 18:28:41.238731+00:00,data/publication/2026/weekly_operations/week_04/fingerprint_ladder_v3/canonical_fingerprint.parquet,True,False
401860895,4,2026-09-27T01:00:00.000Z,10.5,53.5,10.5,,0.0,,,,0.234,,,,10.5,53.5,10.5,0.234,2026-09-21 18:28:41.238731+00:00,data/publication/2026/weekly_operations/week_04/fingerprint_ladder_v3/canonical_fingerprint.parquet,True,False
401860891,4,2026-09-27T02:00:00.000Z,-13.5,44.5,-13.5,,0.0,,,,0.824,,,,-13.5,44.5,-13.5,0.824,2026-09-21 18:28:41.238731+00:00,data/publication/2026/weekly_operations/week_04/fingerprint_ladder_v3/canonical_fingerprint.parquet,True,False
401858240,4,2026-09-27T02:30:00.000Z,3.5,48.5,3.5,,0.0,,,,0.405,,,,3.5,48.5,3.5,0.405,2026-09-21 18:28:41.238731+00:00,data/publication/2026/weekly_operations/week_04/fingerprint_ladder_v3/canonical_fingerprint.parquet,True,False
401864509,4,2026-09-27T02:30:00.000Z,5.5,48.5,5.5,,0.0,,,,0.352,,,,5.5,48.5,5.5,0.352,2026-09-21 18:28:41.238731+00:00,data/publication/2026/weekly_operations/week_04/fingerprint_ladder_v3/canonical_fingerprint.parquet,True,False
401858470,4,2026-09-27T03:00:00.000Z,-10.0,45.5,-10.0,,0.0,,,,0.755,,,,-10.0,45.5,-10.0,0.755,2026-09-21 18:28:41.238731+00:00,data/publication/2026/weekly_operations/week_04/fingerprint_ladder_v3/canonical_fingerprint.parquet,True,False
401871049,5,2026-10-02T00:00:00.000Z,-2.5,57.5,-1.25,,-1.25,,,,0.5322413346010891,,,,-2.5,57.5,-1.25,0.5322413346010891,2026-09-29 14:53:21.700972+00:00,data/publication/2026/weekly_operations/week_05/scientific/full_f0_f8/scientific_all_game_predictions.csv,True,False
401862786,5,2026-10-02T01:00:00.000Z,-1.25,57.5,-0.25,,-1.0,,,,0.5216508843269407,,,,-1.25,57.5,-0.25,0.5216508843269407,2026-09-29 14:53:21.700972+00:00,data/publication/2026/weekly_operations/week_05/scientific/full_f0_f8/scientific_all_game_predictions.csv,True,False
401871050,5,2026-10-02T23:00:00.000Z,7.0,49.75,7.0,,0.0,,,,0.2977022139543796,,,,7.0,49.75,7.0,0.2977022139543796,2026-09-29 14:53:21.700972+00:00,data/publication/2026/weekly_operations/week_05/scientific/full_f0_f8/scientific_all_game_predictions.csv,True,False
401858245,5,2026-10-02T23:00:00.000Z,-3.5,54.75,-4.75,,1.25,,,,0.6106535454870227,,,,-3.5,54.75,-4.75,0.6106535454870227,2026-09-29 14:53:21.700972+00:00,data/publication/2026/weekly_operations/week_05/scientific/full_f0_f8/scientific_all_game_predictions.csv,True,False
401858476,5,2026-10-03T00:00:00.000Z,2.5,45.5,5.0,,-2.5,,,,0.4468821988702704,,,,2.5,45.5,5.0,0.4468821988702704,2026-09-29 14:53:21.700972+00:00,data/publication/2026/weekly_operations/week_05/scientific/full_f0_f8/scientific_all_game_predictions.csv,True,False
401862787,5,2026-10-03T15:00:00.000Z,20.25,54.25,21.0,,-0.75,,,,0.1065411117333398,,,,20.25,54.25,21.0,0.1065411117333398,2026-09-29 14:53:21.700972+00:00,data/publication/2026/weekly_operations/week_05/scientific/full_f0_f8/scientific_all_game_predictions.csv,True,False
401856822,5,2026-10-03T16:00:00.000Z,-3.25,52.75,-2.0,,-1.25,,,,0.5822428639506092,,,,-3.25,52.75,-2.0,0.5822428639506092,2026-09-29 14:53:21.700972+00:00,data/publication/2026/weekly_operations/week_05/scientific/full_f0_f8/scientific_all_game_predictions.csv,True,False
401858246,5,2026-10-03T16:00:00.000Z,-21.0,55.5,-20.75,,-0.25,,,,0.8997990685503341,,,,-21.0,55.5,-20.75,0.8997990685503341,2026-09-29 14:53:21.700972+00:00,data/publication/2026/weekly_operations/week_05/scientific/full_f0_f8/scientific_all_game_predictions.csv,True,False
401862791,5,2026-10-03T16:00:00.000Z,-3.25,46.25,-2.0,,-1.25,,,,0.587436472341986,,,,-3.25,46.25,-2.0,0.587436472341986,2026-09-29 14:53:21.700972+00:00,data/publication/2026/weekly_operations/week_05/scientific/full_f0_f8/scientific_all_game_predictions.csv,True,False
401858251,5,2026-10-03T16:00:00.000Z,-13.25,53.5,-12.75,,-0.5,,,,0.8049865244371972,,,,-13.25,53.5,-12.75,0.8049865244371972,2026-09-29 14:53:21.700972+00:00,data/publication/2026/weekly_operations/week_05/scientific/full_f0_f8/scientific_all_game_predictions.csv,True,False
401858250,5,2026-10-03T16:00:00.000Z,21.0,47.5,22.5,,-1.5,,,,0.0937788018433179,,,,21.0,47.5,22.5,0.0937788018433179,2026-09-29 14:53:21.700972+00:00,data/publication/2026/weekly_operations/week_05/scientific/full_f0_f8/scientific_all_game_predictions.csv,True,False
401858474,5,2026-10-03T16:00:00.000Z,5.5,43.25,7.5,,-2.0,,,,0.3336724273726743,,,,5.5,43.25,7.5,0.3336724273726743,2026-09-29 14:53:21.700972+00:00,data/publication/2026/weekly_operations/week_05/scientific/full_f0_f8/scientific_all_game_predictions.csv,True,False
401856707,5,2026-10-03T16:00:00.000Z,6.0,60.25,4.5,,1.5,,,,0.3336724273726743,,,,6.0,60.25,4.5,0.3336724273726743,2026-09-29 14:53:21.700972+00:00,data/publication/2026/weekly_operations/week_05/scientific/full_f0_f8/scientific_all_game_predictions.csv,True,False
401856807,5,2026-10-03T16:00:00.000Z,-19.25,50.5,-20.75,,1.5,,,,0.8907210272168569,,,,-19.25,50.5,-20.75,0.8907210272168569,2026-09-29 14:53:21.700972+00:00,data/publication/2026/weekly_operations/week_05/scientific/full_f0_f8/scientific_all_game_predictions.csv,True,False
401856819,5,2026-10-03T16:00:00.000Z,-12.5,51.25,-12.0,,-0.5,,,,0.7837007708861887,,,,-12.5,51.25,-12.0,0.7837007708861887,2026-09-29 14:53:21.700972+00:00,data/publication/2026/weekly_operations/week_05/scientific/full_f0_f8/scientific_all_game_predictions.csv,True,False
401858252,5,2026-10-03T16:00:00.000Z,6.5,50.5,6.0,,0.5,,,,0.3306623931623931,,,,6.5,50.5,6.0,0.3306623931623931,2026-09-29 14:53:21.700972+00:00,data/publication/2026/weekly_operations/week_05/scientific/full_f0_f8/scientific_all_game_predictions.csv,True,False
401858479,5,2026-10-03T16:30:00.000Z,-10.25,43.5,-10.25,,0.0,,,,0.7682682375846208,,,,-10.25,43.5,-10.25,0.7682682375846208,2026-09-29 14:53:21.700972+00:00,data/publication/2026/weekly_operations/week_05/scientific/full_f0_f8/scientific_all_game_predictions.csv,True,False
401856705,5,2026-10-03T16:45:00.000Z,-24.0,50.5,-24.25,,0.25,,,,0.9260845105638204,,,,-24.0,50.5,-24.25,0.9260845105638204,2026-09-29 14:53:21.700972+00:00,data/publication/2026/weekly_operations/week_05/scientific/full_f0_f8/scientific_all_game_predictions.csv,True,False
401866432,5,2026-10-03T17:00:00.000Z,13.5,46.75,15.75,,-2.25,,,,0.1755376896217834,,,,13.5,46.75,15.75,0.1755376896217834,2026-09-29 14:53:21.700972+00:00,data/publication/2026/weekly_operations/week_05/scientific/full_f0_f8/scientific_all_game_predictions.csv,True,False
401866431,5,2026-10-03T18:00:00.000Z,19.25,51.5,18.5,,0.75,,,,0.1092789727831431,,,,19.25,51.5,18.5,0.1092789727831431,2026-09-29 14:53:21.700972+00:00,data/publication/2026/weekly_operations/week_05/scientific/full_f0_f8/scientific_all_game_predictions.csv,True,False
401858248,5,2026-10-03T19:30:00.000Z,5.75,58.5,6.75,,-1.0,,,,0.3336724273726743,,,,5.75,58.5,6.75,0.3336724273726743,2026-09-29 14:53:21.700972+00:00,data/publication/2026/weekly_operations/week_05/scientific/full_f0_f8/scientific_all_game_predictions.csv,True,False
401866477,5,2026-10-03T19:30:00.000Z,-13.25,42.75,-15.25,,2.0,,,,0.8208620796472126,,,,-13.25,42.75,-15.25,0.8208620796472126,2026-09-29 14:53:21.700972+00:00,data/publication/2026/weekly_operations/week_05/scientific/full_f0_f8/scientific_all_game_predictions.csv,True,False
401858473,5,2026-10-03T19:30:00.000Z,13.75,45.5,14.0,,-0.25,,,,0.1864409809108458,,,,13.75,45.5,14.0,0.1864409809108458,2026-09-29 14:53:21.700972+00:00,data/publication/2026/weekly_operations/week_05/scientific/full_f0_f8/scientific_all_game_predictions.csv,True,False
401866434,5,2026-10-03T19:30:00.000Z,3.0,50.75,5.5,,-2.5,,,,0.3779630102442317,,,,3.0,50.75,5.5,0.3779630102442317,2026-09-29 14:53:21.700972+00:00,data/publication/2026/weekly_operations/week_05/scientific/full_f0_f8/scientific_all_game_predictions.csv,True,False
401866433,5,2026-10-03T19:30:00.000Z,-5.75,48.5,-4.0,,-1.75,,,,0.6470314227682677,,,,-5.75,48.5,-4.0,0.6470314227682677,2026-09-29 14:53:21.700972+00:00,data/publication/2026/weekly_operations/week_05/scientific/full_f0_f8/scientific_all_game_predictions.csv,True,False
401856708,5,2026-10-03T19:30:00.000Z,4.75,56.25,3.25,,1.5,,,,0.3522832979238272,,,,4.75,56.25,3.25,0.3522832979238272,2026-09-29 14:53:21.700972+00:00,data/publication/2026/weekly_operations/week_05/scientific/full_f0_f8/scientific_all_game_predictions.csv,True,False
401856710,5,2026-10-03T19:30:00.000Z,-7.0,54.5,-7.5,,0.5,,,,0.7130566679532953,,,,-7.0,54.5,-7.5,0.7130566679532953,2026-09-29 14:53:21.700972+00:00,data/publication/2026/weekly_operations/week_05/scientific/full_f0_f8/scientific_all_game_predictions.csv,True,False
401869956,5,2026-10-03T19:30:00.000Z,-1.5,50.75,1.25,,-2.75,,,,0.5108166481405918,,,,-1.5,50.75,1.25,0.5108166481405918,2026-09-29 14:53:21.700972+00:00,data/publication/2026/weekly_operations/week_05/scientific/full_f0_f8/scientific_all_game_predictions.csv,True,False
401864515,5,2026-10-03T19:30:00.000Z,-18.25,45.5,-20.5,,2.25,,,,0.8875081116158339,,,,-18.25,45.5,-20.5,0.8875081116158339,2026-09-29 14:53:21.700972+00:00,data/publication/2026/weekly_operations/week_05/scientific/full_f0_f8/scientific_all_game_predictions.csv,True,False
401858247,5,2026-10-03T19:30:00.000Z,-2.75,53.25,-1.75,,-1.0,,,,0.5419543235920408,,,,-2.75,53.25,-1.75,0.5419543235920408,2026-09-29 14:53:21.700972+00:00,data/publication/2026/weekly_operations/week_05/scientific/full_f0_f8/scientific_all_game_predictions.csv,True,False
401858253,5,2026-10-03T19:30:00.000Z,2.75,51.5,2.0,,0.75,,,,0.4329482844095491,,,,2.75,51.5,2.0,0.4329482844095491,2026-09-29 14:53:21.700972+00:00,data/publication/2026/weekly_operations/week_05/scientific/full_f0_f8/scientific_all_game_predictions.csv,True,False
401866430,5,2026-10-03T19:30:00.000Z,-6.75,46.75,-5.75,,-1.0,,,,0.6720191340293353,,,,-6.75,46.75,-5.75,0.6720191340293353,2026-09-29 14:53:21.700972+00:00,data/publication/2026/weekly_operations/week_05/scientific/full_f0_f8/scientific_all_game_predictions.csv,True,False
401869962,5,2026-10-03T19:45:00.000Z,-18.5,55.25,-15.5,,-3.0,,,,0.8725544481358434,,,,-18.5,55.25,-15.5,0.8725544481358434,2026-09-29 14:53:21.700972+00:00,data/publication/2026/weekly_operations/week_05/scientific/full_f0_f8/scientific_all_game_predictions.csv,True,False
401864514,5,2026-10-03T20:00:00.000Z,-22.5,48.25,-21.75,,-0.75,,,,0.9143994691439948,,,,-22.5,48.25,-21.75,0.9143994691439948,2026-09-29 14:53:21.700972+00:00,data/publication/2026/weekly_operations/week_05/scientific/full_f0_f8/scientific_all_game_predictions.csv,True,False
401858475,5,2026-10-03T20:00:00.000Z,-14.5,52.5,-13.25,,-1.25,,,,0.8334783082693973,,,,-14.5,52.5,-13.25,0.8334783082693973,2026-09-29 14:53:21.700972+00:00,data/publication/2026/weekly_operations/week_05/scientific/full_f0_f8/scientific_all_game_predictions.csv,True,False
401856709,5,2026-10-03T20:15:00.000Z,-2.75,53.5,-5.0,,2.25,,,,0.5673040186169289,,,,-2.75,53.5,-5.0,0.5673040186169289,2026-09-29 14:53:21.700972+00:00,data/publication/2026/weekly_operations/week_05/scientific/full_f0_f8/scientific_all_game_predictions.csv,True,False
401858472,5,2026-10-03T20:15:00.000Z,-10.0,61.5,-10.0,,0.0,,,,0.7545509660131016,,,,-10.0,61.5,-10.0,0.7545509660131016,2026-09-29 14:53:21.700972+00:00,data/publication/2026/weekly_operations/week_05/scientific/full_f0_f8/scientific_all_game_predictions.csv,True,False
401860899,5,2026-10-03T22:00:00.000Z,6.25,62.25,4.0,,2.25,,,,0.3401443767923489,,,,6.25,62.25,4.0,0.3401443767923489,2026-09-29 14:53:21.700972+00:00,data/publication/2026/weekly_operations/week_05/scientific/full_f0_f8/scientific_all_game_predictions.csv,True,False
401862788,5,2026-10-03T23:00:00.000Z,11.5,55.75,11.75,,-0.25,,,,0.2228023905071409,,,,11.5,55.75,11.75,0.2228023905071409,2026-09-29 14:53:21.700972+00:00,data/publication/2026/weekly_operations/week_05/scientific/full_f0_f8/scientific_all_game_predictions.csv,True,False
401856711,5,2026-10-03T23:00:00.000Z,-14.0,51.5,-14.25,,0.25,,,,0.8268566456759388,,,,-14.0,51.5,-14.25,0.8268566456759388,2026-09-29 14:53:21.700972+00:00,data/publication/2026/weekly_operations/week_05/scientific/full_f0_f8/scientific_all_game_predictions.csv,True,False
401871089,5,2026-10-03T23:00:00.000Z,-14.0,56.75,-14.25,,0.25,,,,0.8244623103782165,,,,-14.0,56.75,-14.25,0.8244623103782165,2026-09-29 14:53:21.700972+00:00,data/publication/2026/weekly_operations/week_05/scientific/full_f0_f8/scientific_all_game_predictions.csv,True,False
401856818,5,2026-10-03T23:00:00.000Z,6.5,48.5,5.75,,0.75,,,,0.322799860254922,,,,6.5,48.5,5.75,0.322799860254922,2026-09-29 14:53:21.700972+00:00,data/publication/2026/weekly_operations/week_05/scientific/full_f0_f8/scientific_all_game_predictions.csv,True,False
401869942,5,2026-10-03T23:00:00.000Z,2.5,54.25,0.25,,2.25,,,,0.4529076732580277,,,,2.5,54.25,0.25,0.4529076732580277,2026-09-29 14:53:21.700972+00:00,data/publication/2026/weekly_operations/week_05/scientific/full_f0_f8/scientific_all_game_predictions.csv,True,False
401860898,5,2026-10-03T23:30:00.000Z,-20.75,51.75,-20.25,,-0.5,,,,0.8960072518762121,,,,-20.75,51.75,-20.25,0.8960072518762121,2026-09-29 14:53:21.700972+00:00,data/publication/2026/weekly_operations/week_05/scientific/full_f0_f8/scientific_all_game_predictions.csv,True,False
401858249,5,2026-10-03T23:30:00.000Z,16.5,48.5,12.0,,4.5,,,,0.1419523099850969,,,,16.5,48.5,12.0,0.1419523099850969,2026-09-29 14:53:21.700972+00:00,data/publication/2026/weekly_operations/week_05/scientific/full_f0_f8/scientific_all_game_predictions.csv,True,False
401856821,5,2026-10-03T23:30:00.000Z,13.5,50.25,14.0,,-0.5,,,,0.1909918726862687,,,,13.5,50.25,14.0,0.1909918726862687,2026-09-29 14:53:21.700972+00:00,data/publication/2026/weekly_operations/week_05/scientific/full_f0_f8/scientific_all_game_predictions.csv,True,False
401862792,5,2026-10-03T23:30:00.000Z,-6.25,49.5,-6.0,,-0.25,,,,0.6665754525575697,,,,-6.25,49.5,-6.0,0.6665754525575697,2026-09-29 14:53:21.700972+00:00,data/publication/2026/weekly_operations/week_05/scientific/full_f0_f8/scientific_all_game_predictions.csv,True,False
401858478,5,2026-10-03T23:30:00.000Z,-9.5,57.5,-10.0,,0.5,,,,0.7611097986138557,,,,-9.5,57.5,-10.0,0.7611097986138557,2026-09-29 14:53:21.700972+00:00,data/publication/2026/weekly_operations/week_05/scientific/full_f0_f8/scientific_all_game_predictions.csv,True,False
401869842,5,2026-10-03T23:30:00.000Z,2.5,46.25,3.25,,-0.75,,,,0.4252779028668484,,,,2.5,46.25,3.25,0.4252779028668484,2026-09-29 14:53:21.700972+00:00,data/publication/2026/weekly_operations/week_05/scientific/full_f0_f8/scientific_all_game_predictions.csv,True,False
401858477,5,2026-10-04T00:00:00.000Z,24.5,56.25,23.25,,1.25,,,,0.0802813569013279,,,,24.5,56.25,23.25,0.0802813569013279,2026-09-29 14:53:21.700972+00:00,data/publication/2026/weekly_operations/week_05/scientific/full_f0_f8/scientific_all_game_predictions.csv,True,False
401869932,5,2026-10-04T00:00:00.000Z,-6.5,46.75,-5.25,,-1.25,,,,0.6949133779819561,,,,-6.5,46.75,-5.25,0.6949133779819561,2026-09-29 14:53:21.700972+00:00,data/publication/2026/weekly_operations/week_05/scientific/full_f0_f8/scientific_all_game_predictions.csv,True,False
401860921,5,2026-10-04T01:30:00.000Z,-2.5,46.5,-0.25,,-2.25,,,,0.5267888874768722,,,,-2.5,46.5,-0.25,0.5267888874768722,2026-09-29 14:53:21.700972+00:00,data/publication/2026/weekly_operations/week_05/scientific/full_f0_f8/scientific_all_game_predictions.csv,True,False
401860900,5,2026-10-04T02:30:00.000Z,4.25,59.25,4.25,,0.0,,,,0.3739750243202973,,,,4.25,59.25,4.25,0.3739750243202973,2026-09-29 14:53:21.700972+00:00,data/publication/2026/weekly_operations/week_05/scientific/full_f0_f8/scientific_all_game_predictions.csv,True,False
401856817,5,2026-10-04T02:30:00.000Z,-4.0,49.5,-3.5,,-0.5,,,,0.6260249756797027,,,,-4.0,49.5,-3.5,0.6260249756797027,2026-09-29 14:53:21.700972+00:00,data/publication/2026/weekly_operations/week_05/scientific/full_f0_f8/scientific_all_game_predictions.csv,True,False
401856820,5,2026-10-04T03:00:00.000Z,-7.0,55.25,-7.75,,0.75,,,,0.7150604988513012,,,,-7.0,55.25,-7.75,0.7150604988513012,2026-09-29 14:53:21.700972+00:00,data/publication/2026/weekly_operations/week_05/scientific/full_f0_f8/scientific_all_game_predictions.csv,True,False
401864513,5,2026-10-04T03:59:00.000Z,-3.0,51.5,-4.25,,1.25,,,,0.5715878046511291,,,,-3.0,51.5,-4.25,0.5715878046511291,2026-09-29 14:53:21.700972+00:00,data/publication/2026/weekly_operations/week_05/scientific/full_f0_f8/scientific_all_game_predictions.csv,True,False
