fingerprint,model,fold,test_year,n_games,mae,winner_accuracy,upset_accuracy
F0,M2,0,2015,720,17.10155211,0.569444444444,0.359477124183
F0,M4,0,2015,720,17.0837386952,0.569444444444,0.359477124183
F1,M2,0,2015,720,14.7612511561,0.711111111111,0.294117647059
F1,M4,0,2015,720,14.7806295861,0.693055555556,0.248366013072
F2,M2,0,2015,720,15.4537673156,0.702777777778,0.339869281046
F2,M4,0,2015,720,14.937485781,0.702777777778,0.352941176471
F3,M2,0,2015,720,14.7008703766,0.711111111111,0.261437908497
F3,M4,0,2015,720,14.0090292303,0.734722222222,0.254901960784
F4,M2,0,2015,720,14.6632710128,0.713888888889,0.261437908497
F4,M4,0,2015,720,13.9374092472,0.741666666667,0.228758169935
F5,M2,0,2015,720,13.7837955983,0.743055555556,0.21568627451
F5,M4,0,2015,720,13.5297369138,0.743055555556,0.21568627451
F6,M2,0,2015,720,13.6046044526,0.748611111111,0.183006535948
F6,M4,0,2015,720,13.4514883892,0.752777777778,0.222222222222
F7,M2,0,2015,720,12.5043529403,0.788888888889,0.0326797385621
F7,M4,0,2015,720,12.687477908,0.783333333333,0.0653594771242
F8,M2,0,2015,720,13.4104585155,0.755555555556,0.183006535948
F8,M4,0,2015,720,13.3273241853,0.755555555556,0.169934640523
F0,M2,1,2016,718,17.0017452038,0.58356545961,0.428571428571
F0,M4,1,2016,718,17.0150172536,0.58356545961,0.428571428571
F1,M2,1,2016,718,15.3837282086,0.697771587744,0.280423280423
F1,M4,1,2016,718,15.4019294269,0.66991643454,0.26455026455
F2,M2,1,2016,718,15.3912771312,0.693593314763,0.301587301587
F2,M4,1,2016,718,15.3883697243,0.686629526462,0.280423280423
F3,M2,1,2016,718,15.831948083,0.66713091922,0.31746031746
F3,M4,1,2016,718,14.3909670697,0.710306406685,0.222222222222
F4,M2,1,2016,718,15.4725537481,0.681058495822,0.328042328042
F4,M4,1,2016,718,14.5884695319,0.699164345404,0.21164021164
F5,M2,1,2016,718,14.2129692653,0.696378830084,0.201058201058
F5,M4,1,2016,718,14.1814799747,0.700557103064,0.185185185185
F6,M2,1,2016,718,14.1940129065,0.703342618384,0.185185185185
F6,M4,1,2016,718,14.41871195,0.690807799443,0.164021164021
F7,M2,1,2016,718,13.2622492059,0.738161559889,0.00529100529101
F7,M4,1,2016,718,13.3553401585,0.727019498607,0.0582010582011
F8,M2,1,2016,718,14.2149615036,0.706128133705,0.195767195767
F8,M4,1,2016,718,13.8243706012,0.708913649025,0.174603174603
F0,M2,2,2017,728,15.1483739925,0.700549450549,0.398876404494
F0,M4,2,2017,728,15.1683225109,0.700549450549,0.438202247191
F1,M2,2,2017,728,13.2609930852,0.743131868132,0.275280898876
F1,M4,2,2017,728,13.5135197196,0.743131868132,0.230337078652
F2,M2,2,2017,728,13.7707694975,0.73489010989,0.269662921348
F2,M4,2,2017,728,13.4136644514,0.760989010989,0.247191011236
F3,M2,2,2017,728,14.4924003618,0.703296703297,0.292134831461
F3,M4,2,2017,728,13.1848923206,0.718406593407,0.174157303371
F4,M2,2,2017,728,14.0318667992,0.711538461538,0.292134831461
F4,M4,2,2017,728,12.794505745,0.75,0.213483146067
F5,M2,2,2017,728,13.163982265,0.73489010989,0.191011235955
F5,M4,2,2017,728,13.0417552718,0.745879120879,0.191011235955
F6,M2,2,2017,728,13.2057773726,0.73489010989,0.196629213483
F6,M4,2,2017,728,12.8750020386,0.744505494505,0.174157303371
F7,M2,2,2017,728,12.2381077206,0.755494505495,0.0280898876404
F7,M4,2,2017,728,12.2334392345,0.754120879121,0.0112359550562
F8,M2,2,2017,728,12.9018908271,0.75,0.185393258427
F8,M4,2,2017,728,12.4847648346,0.760989010989,0.191011235955
F0,M2,3,2018,725,15.2389918919,0.655172413793,0.385869565217
F0,M4,3,2018,725,15.3961466565,0.628965517241,0.375
F1,M2,3,2018,725,13.7446605708,0.710344827586,0.277173913043
F1,M4,3,2018,725,13.8622970772,0.725517241379,0.29347826087
F2,M2,3,2018,725,13.9344188775,0.714482758621,0.298913043478
F2,M4,3,2018,725,13.9561141861,0.718620689655,0.298913043478
F3,M2,3,2018,725,13.8974082113,0.703448275862,0.255434782609
F3,M4,3,2018,725,13.2492655648,0.746206896552,0.288043478261
F4,M2,3,2018,725,13.7300970552,0.715862068966,0.282608695652
F4,M4,3,2018,725,13.377037071,0.72275862069,0.20652173913
F5,M2,3,2018,725,13.2817585179,0.731034482759,0.222826086957
F5,M4,3,2018,725,13.4272985083,0.729655172414,0.222826086957
F6,M2,3,2018,725,13.2905451101,0.710344827586,0.173913043478
F6,M4,3,2018,725,13.3703050238,0.725517241379,0.217391304348
F7,M2,3,2018,725,12.5346079746,0.742068965517,0
F7,M4,3,2018,725,12.4877886152,0.751724137931,0.0434782608696
F8,M2,3,2018,725,13.1626862152,0.733793103448,0.184782608696
F8,M4,3,2018,725,12.8495646917,0.740689655172,0.119565217391
F0,M2,4,2019,734,15.417269165,0.66348773842,0.385869565217
F0,M4,4,2019,734,15.6227645017,0.658038147139,0.407608695652
F1,M2,4,2019,734,13.6471173954,0.743869209809,0.309782608696
F1,M4,4,2019,734,13.9704063223,0.724795640327,0.277173913043
F2,M2,4,2019,734,13.8390290699,0.724795640327,0.282608695652
F2,M4,4,2019,734,13.7731904237,0.732970027248,0.288043478261
F3,M2,4,2019,734,13.6306205747,0.722070844687,0.277173913043
F3,M4,4,2019,734,13.6015848177,0.735694822888,0.239130434783
F4,M2,4,2019,734,13.5231639427,0.737057220708,0.282608695652
F4,M4,4,2019,734,13.6180703144,0.742506811989,0.277173913043
F5,M2,4,2019,734,13.4770368329,0.75204359673,0.288043478261
F5,M4,4,2019,734,13.3715327687,0.745231607629,0.244565217391
F6,M2,4,2019,734,13.3926644269,0.743869209809,0.222826086957
F6,M4,4,2019,734,13.2988080004,0.74795640327,0.25
F7,M2,4,2019,734,12.2536000249,0.74795640327,0
F7,M4,4,2019,734,12.3272417994,0.757493188011,0.0652173913043
F8,M2,4,2019,734,12.9293153645,0.74659400545,0.16847826087
F8,M4,4,2019,734,12.5425907509,0.75068119891,0.152173913043
F0,M2,5,2020,420,15.7287018231,0.664285714286,0.388349514563
F0,M4,5,2020,420,16.1528760784,0.633333333333,0.349514563107
F1,M2,5,2020,420,14.1684882158,0.72380952381,0.242718446602
F1,M4,5,2020,420,14.0055390061,0.740476190476,0.291262135922
F2,M2,5,2020,420,14.1979277339,0.72619047619,0.281553398058
F2,M4,5,2020,420,14.0544172325,0.738095238095,0.252427184466
F3,M2,5,2020,420,14.3106193779,0.707142857143,0.26213592233
F3,M4,5,2020,420,13.9912071196,0.721428571429,0.233009708738
F4,M2,5,2020,420,14.2199955399,0.728571428571,0.300970873786
F4,M4,5,2020,420,13.9772156312,0.719047619048,0.194174757282
F5,M2,5,2020,420,13.9066675969,0.730952380952,0.242718446602
F5,M4,5,2020,420,13.6555445876,0.733333333333,0.223300970874
F6,M2,5,2020,420,13.7757849293,0.728571428571,0.194174757282
F6,M4,5,2020,420,13.6908275624,0.733333333333,0.21359223301
F7,M2,5,2020,420,12.9695040821,0.754761904762,0
F7,M4,5,2020,420,13.0727454913,0.75,0.0873786407767
F8,M2,5,2020,420,13.2690146202,0.742857142857,0.135922330097
F8,M4,5,2020,420,13.148485228,0.738095238095,0.155339805825
F0,M2,6,2021,723,15.7391211931,0.605809128631,0.367346938776
F0,M4,6,2021,723,15.7945765757,0.612724757953,0.382653061224
F1,M2,6,2021,723,14.3985564887,0.68326417704,0.255102040816
F1,M4,6,2021,723,14.5566277473,0.677731673582,0.234693877551
F2,M2,6,2021,723,14.4677759093,0.662517289073,0.25
F2,M4,6,2021,723,14.1868310257,0.684647302905,0.204081632653
F3,M2,6,2021,723,14.0890934715,0.677731673582,0.224489795918
F3,M4,6,2021,723,13.7692620097,0.705394190871,0.183673469388
F4,M2,6,2021,723,14.0918611083,0.677731673582,0.239795918367
F4,M4,6,2021,723,13.6443603427,0.698478561549,0.147959183673
F5,M2,6,2021,723,13.5474872474,0.691562932227,0.163265306122
F5,M4,6,2021,723,13.5335416859,0.702627939142,0.163265306122
F6,M2,6,2021,723,13.4619932376,0.698478561549,0.163265306122
F6,M4,6,2021,723,13.5832332292,0.698478561549,0.147959183673
F7,M2,6,2021,723,12.6202583499,0.728907330567,0
F7,M4,6,2021,723,12.6869328043,0.721991701245,0.107142857143
F8,M2,6,2021,723,13.1194150007,0.712309820194,0.142857142857
F8,M4,6,2021,723,12.8183992552,0.717842323651,0.122448979592
F0,M2,7,2022,719,14.5322211955,0.645340751043,0.384615384615
F0,M4,7,2022,719,14.4662112053,0.632823365786,0.374358974359
F1,M2,7,2022,719,13.1943991012,0.703755215577,0.241025641026
F1,M4,7,2022,719,12.9776737268,0.706536856745,0.241025641026
F2,M2,7,2022,719,13.3557368995,0.680111265647,0.251282051282
F2,M4,7,2022,719,13.1114554725,0.699582753825,0.225641025641
F3,M2,7,2022,719,13.3510333508,0.684283727399,0.225641025641
F3,M4,7,2022,719,12.883888999,0.71488178025,0.189743589744
F4,M2,7,2022,719,13.189415459,0.689847009736,0.246153846154
F4,M4,7,2022,719,12.7125106919,0.705146036161,0.189743589744
F5,M2,7,2022,719,12.8425373745,0.696801112656,0.194871794872
F5,M4,7,2022,719,12.6083091272,0.716272600834,0.2
F6,M2,7,2022,719,12.7537383784,0.700973574409,0.194871794872
F6,M4,7,2022,719,12.6286749509,0.702364394993,0.184615384615
F7,M2,7,2022,719,12.1653964853,0.730180806676,0.00512820512821
F7,M4,7,2022,719,12.1534457079,0.717663421419,0.0615384615385
F8,M2,7,2022,719,12.470582561,0.720445062587,0.174358974359
F8,M4,7,2022,719,12.2759997385,0.727399165508,0.133333333333
F0,M2,8,2023,742,14.5156716433,0.617250673854,0.350785340314
F0,M4,8,2023,742,14.7060381539,0.619946091644,0.38219895288
F1,M2,8,2023,742,13.4069781534,0.710242587601,0.246073298429
F1,M4,8,2023,742,13.3004608932,0.703504043127,0.246073298429
F2,M2,8,2023,742,13.2056903922,0.707547169811,0.282722513089
F2,M4,8,2023,742,13.1941318567,0.703504043127,0.272251308901
F3,M2,8,2023,742,13.048219731,0.711590296496,0.272251308901
F3,M4,8,2023,742,12.8454420808,0.712938005391,0.20942408377
F4,M2,8,2023,742,12.9267751066,0.72102425876,0.251308900524
F4,M4,8,2023,742,12.5556347794,0.730458221024,0.230366492147
F5,M2,8,2023,742,12.6204508734,0.734501347709,0.261780104712
F5,M4,8,2023,742,12.4478053501,0.731805929919,0.219895287958
F6,M2,8,2023,742,12.5821103214,0.72371967655,0.230366492147
F6,M4,8,2023,742,12.3788101051,0.737196765499,0.214659685864
F7,M2,8,2023,742,12.0459217678,0.741239892183,0.0104712041885
F7,M4,8,2023,742,11.9973867093,0.747978436658,0.0366492146597
F8,M2,8,2023,742,12.1681822413,0.749326145553,0.162303664921
F8,M4,8,2023,742,11.9918097815,0.752021563342,0.13612565445
F0,M2,9,2024,746,15.0040817856,0.619302949062,0.319444444444
F0,M4,9,2024,746,15.0841871392,0.612600536193,0.324074074074
F1,M2,9,2024,746,13.4345000863,0.682305630027,0.231481481481
F1,M4,9,2024,746,13.5356528735,0.684986595174,0.236111111111
F2,M2,9,2024,746,13.57317921,0.670241286863,0.217592592593
F2,M4,9,2024,746,13.5799652229,0.686327077748,0.259259259259
F3,M2,9,2024,746,13.4006101568,0.689008042895,0.217592592593
F3,M4,9,2024,746,13.2345197316,0.691689008043,0.199074074074
F4,M2,9,2024,746,13.3151037612,0.684986595174,0.217592592593
F4,M4,9,2024,746,13.2940982842,0.683646112601,0.203703703704
F5,M2,9,2024,746,13.1862322926,0.699731903485,0.236111111111
F5,M4,9,2024,746,13.1224732243,0.703753351206,0.217592592593
F6,M2,9,2024,746,13.2571408318,0.698391420912,0.217592592593
F6,M4,9,2024,746,13.0167968674,0.707774798928,0.194444444444
F7,M2,9,2024,746,12.4319403864,0.710455764075,0
F7,M4,9,2024,746,12.3522774439,0.706434316354,0.0787037037037
F8,M2,9,2024,746,12.866584606,0.701072386059,0.143518518519
F8,M4,9,2024,746,12.4237747352,0.703753351206,0.125
