entry_name,game_id,season,week,game_start_time_utc,home_team,away_team,neutral_site,season_type,pred_home_margin,pred_winner,predicted_margin,model_count,raw_consensus_pred_home_margin,raw_consensus_pred_home_win_probability,submission_precision
TDNet corrected-F6 margin consensus,401856766,2026,1,2026-08-29T16:00:00.000Z,TCU,North Carolina,True,regular,9.740370362697526,TCU,9.740370362697526,36,9.740370362697526,0.6624045003735006,full_float64
TDNet corrected-F6 margin consensus,401864494,2026,1,2026-08-29T19:00:00.000Z,USC,San José State,False,regular,22.675789432410422,USC,22.675789432410422,36,22.675789432410426,0.8122610134485166,full_float64
TDNet corrected-F6 margin consensus,401858202,2026,1,2026-08-29T19:30:00.000Z,Virginia,NC State,False,regular,1.6872995137411528,Virginia,1.6872995137411528,36,1.6872995137411528,0.5311591089424373,full_float64
TDNet corrected-F6 margin consensus,401864577,2026,1,2026-08-29T21:30:00.000Z,North Dakota State,Jacksonville State,False,regular,0.47649728433810573,North Dakota State,0.47649728433810573,36,0.4764972843381057,0.5069905011714331,full_float64
TDNet corrected-F6 margin consensus,401866408,2026,1,2026-08-29T22:30:00.000Z,Eastern Michigan,Sacramento State,False,regular,1.9519969301400808,Eastern Michigan,1.9519969301400808,36,1.9519969301400808,0.5325985789431539,full_float64
TDNet corrected-F6 margin consensus,401864570,2026,1,2026-08-29T23:00:00.000Z,Florida State,New Mexico State,False,regular,20.12082998029924,Florida State,20.12082998029924,36,20.12082998029924,0.7887804886590233,full_float64
TDNet corrected-F6 margin consensus,401858201,2026,1,2026-08-29T23:00:00.000Z,Stanford,Hawai'i,False,regular,1.0449361946930489,Stanford,1.0449361946930489,36,1.0449361946930489,0.5158469486346006,full_float64
TDNet corrected-F6 margin consensus,401862693,2026,1,2026-08-30T02:00:00.000Z,UNLV,Memphis,False,regular,3.9832301854181487,UNLV,3.9832301854181487,36,3.9832301854181487,0.5669190856108227,full_float64
TDNet corrected-F6 margin consensus,401858423,2026,1,2026-09-03T22:00:00.000Z,Rutgers,Massachusetts,False,regular,19.538162124743195,Rutgers,19.538162124743195,36,19.538162124743195,0.781352880850745,full_float64
TDNet corrected-F6 margin consensus,401858204,2026,1,2026-09-03T23:00:00.000Z,Wake Forest,Akron,False,regular,12.517779257275173,Wake Forest,12.517779257275173,36,12.517779257275173,0.7013667928698337,full_float64
TDNet corrected-F6 margin consensus,401856776,2026,1,2026-09-04T00:00:00.000Z,Georgia Tech,Colorado,False,regular,11.8098571360558,Georgia Tech,11.8098571360558,36,11.8098571360558,0.6918811803025724,full_float64
TDNet corrected-F6 margin consensus,401858424,2026,1,2026-09-04T01:00:00.000Z,Illinois,UAB,False,regular,15.736007906409318,Illinois,15.736007906409318,36,15.736007906409318,0.7432587038941039,full_float64
TDNet corrected-F6 margin consensus,401864495,2026,1,2026-09-04T22:30:00.000Z,Eastern Michigan,San José State,False,regular,4.570254798480117,Eastern Michigan,4.570254798480117,36,4.570254798480117,0.5779185537618308,full_float64
TDNet corrected-F6 margin consensus,401856664,2026,1,2026-09-05T00:00:00.000Z,Oklahoma,UTEP,False,regular,23.798762465537024,Oklahoma,23.798762465537024,36,23.798762465537024,0.823166339117174,full_float64
TDNet corrected-F6 margin consensus,401858429,2026,1,2026-09-05T00:00:00.000Z,Michigan State,Toledo,False,regular,-2.148409890251508,Toledo,2.148409890251508,36,-2.148409890251508,0.4593376169155749,full_float64
TDNet corrected-F6 margin consensus,401858206,2026,1,2026-09-05T01:00:00.000Z,Stanford,Miami,False,regular,-12.510562422487924,Miami,12.510562422487924,36,-12.510562422487924,0.2976976824430552,full_float64
TDNet corrected-F6 margin consensus,401858436,2026,1,2026-09-05T01:00:00.000Z,USC,Fresno State,False,regular,14.484929454866993,USC,14.484929454866993,36,14.484929454866993,0.7269863068617743,full_float64
TDNet corrected-F6 margin consensus,401856667,2026,1,2026-09-05T19:30:00.000Z,Texas,Texas State,False,regular,10.218510390341732,Texas,10.218510390341732,36,10.218510390341732,0.6668052152092917,full_float64
TDNet corrected-F6 margin consensus,401856637,2026,1,2026-09-05T23:45:00.000Z,Florida,Florida Atlantic,False,regular,13.096712444546963,Florida,13.096712444546963,36,13.096712444546963,0.7083830705708163,full_float64
TDNet corrected-F6 margin consensus,401858433,2026,1,2026-09-05T19:30:00.000Z,Oregon,Boise State,False,regular,17.563861508329435,Oregon,17.563861508329435,36,17.563861508329435,0.7633523334001867,full_float64
TDNet corrected-F6 margin consensus,401856780,2026,1,2026-09-05T16:00:00.000Z,West Virginia,Coastal Carolina,False,regular,8.74615998016511,West Virginia,8.74615998016511,36,8.74615998016511,0.6452202206429197,full_float64
TDNet corrected-F6 margin consensus,401856634,2026,1,2026-09-05T16:00:00.000Z,Alabama,East Carolina,False,regular,11.954877327355224,Alabama,11.954877327355224,36,11.954877327355224,0.6924290690144369,full_float64
TDNet corrected-F6 margin consensus,401856778,2026,1,2026-09-05T16:00:00.000Z,Houston,Oregon State,False,regular,11.467592452962583,Houston,11.467592452962583,36,11.467592452962583,0.688025804978657,full_float64
TDNet corrected-F6 margin consensus,401858207,2026,1,2026-09-05T16:30:00.000Z,Pittsburgh,Miami (OH),False,regular,9.822728916910828,Pittsburgh,9.822728916910828,36,9.822728916910828,0.662951333000138,full_float64
TDNet corrected-F6 margin consensus,401858430,2026,1,2026-09-05T16:00:00.000Z,Nebraska,Ohio,False,regular,7.483009143268997,Nebraska,7.483009143268997,36,7.483009143268997,0.625935314546671,full_float64
TDNet corrected-F6 margin consensus,401858425,2026,1,2026-09-05T16:00:00.000Z,Indiana,North Texas,False,regular,13.780777820476082,Indiana,13.780777820476082,36,13.780777820476082,0.7186465696364166,full_float64
TDNet corrected-F6 margin consensus,401869960,2026,1,2026-09-05T16:00:00.000Z,James Madison,Liberty,False,regular,13.13724793992177,James Madison,13.13724793992177,36,13.13724793992177,0.7088873062490371,full_float64
TDNet corrected-F6 margin consensus,401858432,2026,1,2026-09-05T16:30:00.000Z,Ohio State,Ball State,False,regular,26.84465619359188,Ohio State,26.84465619359188,36,26.84465619359188,0.8473971343721751,full_float64
TDNet corrected-F6 margin consensus,401856665,2026,1,2026-09-05T16:45:00.000Z,South Carolina,Kent State,False,regular,14.885816182088085,South Carolina,14.885816182088085,36,14.885816182088085,0.7321487043086946,full_float64
TDNet corrected-F6 margin consensus,401870763,2026,1,2026-09-05T23:00:00.000Z,Troy,Sam Houston,False,regular,11.564253462864908,Troy,11.564253462864908,36,11.564253462864908,0.6900664915442428,full_float64
TDNet corrected-F6 margin consensus,401858209,2026,1,2026-09-05T19:30:00.000Z,Duke,Tulane,False,regular,3.2592899113780542,Duke,3.2592899113780542,36,3.2592899113780542,0.5554916301490662,full_float64
TDNet corrected-F6 margin consensus,401856777,2026,1,2026-09-05T19:30:00.000Z,Cincinnati,Boston College,False,regular,6.691583886955303,Cincinnati,6.691583886955303,36,6.691583886955303,0.6165729637097633,full_float64
TDNet corrected-F6 margin consensus,401856636,2026,1,2026-09-05T19:30:00.000Z,Auburn,Baylor,True,regular,7.359778643240651,Auburn,7.359778643240651,36,7.359778643240651,0.6242428517359203,full_float64
TDNet corrected-F6 margin consensus,401858434,2026,1,2026-09-05T19:30:00.000Z,Penn State,Marshall,False,regular,8.517867848663817,Penn State,8.517867848663817,36,8.517867848663817,0.644141787923847,full_float64
TDNet corrected-F6 margin consensus,401856772,2026,1,2026-09-05T19:45:00.000Z,Tulsa,Oklahoma State,False,regular,9.07319810321518,Tulsa,9.07319810321518,36,9.07319810321518,0.6535037793408122,full_float64
TDNet corrected-F6 margin consensus,401858426,2026,1,2026-09-05T20:15:00.000Z,Iowa,Northern Illinois,False,regular,19.427538029976777,Iowa,19.427538029976777,36,19.427538029976777,0.7830753897910011,full_float64
TDNet corrected-F6 margin consensus,401860878,2026,1,2026-09-05T22:00:00.000Z,Colorado State,Wyoming,False,regular,3.9913076112975108,Colorado State,3.9913076112975108,36,3.9913076112975108,0.5677244576264963,full_float64
TDNet corrected-F6 margin consensus,401862695,2026,1,2026-09-05T23:00:00.000Z,Memphis,Arkansas State,False,regular,8.79245224052587,Memphis,8.79245224052587,36,8.79245224052587,0.6474157947860788,full_float64
TDNet corrected-F6 margin consensus,401856668,2026,1,2026-09-05T23:00:00.000Z,Texas A&M,Missouri State,False,regular,18.49361380692826,Texas A&M,18.49361380692826,36,18.49361380692826,0.7733259802971704,full_float64
TDNet corrected-F6 margin consensus,401862699,2026,1,2026-09-05T23:00:00.000Z,South Florida,Florida International,False,regular,13.866309218258474,South Florida,13.866309218258474,36,13.866309218258474,0.7192325353502578,full_float64
TDNet corrected-F6 margin consensus,401856662,2026,1,2026-09-05T23:30:00.000Z,Mississippi State,UL Monroe,False,regular,12.79398154479862,Mississippi State,12.79398154479862,36,12.79398154479862,0.7020535959515464,full_float64
TDNet corrected-F6 margin consensus,401856660,2026,1,2026-09-05T23:30:00.000Z,LSU,Clemson,False,regular,3.096832901464024,LSU,3.096832901464024,36,3.096832901464024,0.5517570325219787,full_float64
TDNet corrected-F6 margin consensus,401858428,2026,1,2026-09-05T23:30:00.000Z,Michigan,Western Michigan,False,regular,14.351840457816657,Michigan,14.351840457816657,36,14.351840457816657,0.7236895925165514,full_float64
TDNet corrected-F6 margin consensus,401864498,2026,1,2026-09-06T02:00:00.000Z,New Mexico,Central Michigan,False,regular,6.086699011566953,New Mexico,6.086699011566953,36,6.086699011566953,0.6053249030238493,full_float64
TDNet corrected-F6 margin consensus,401864497,2026,1,2026-09-06T02:00:00.000Z,Hawai'i,UNLV,False,regular,-3.6736129882384074,UNLV,3.6736129882384074,36,-3.6736129882384074,0.438136037493371,full_float64
TDNet corrected-F6 margin consensus,401864432,2026,1,2026-09-06T02:30:00.000Z,Nevada,Western Kentucky,False,regular,-7.6342531310339705,Western Kentucky,7.6342531310339705,36,-7.6342531310339705,0.3691678031716145,full_float64
TDNet corrected-F6 margin consensus,401858210,2026,1,2026-09-06T02:30:00.000Z,California,UCLA,False,regular,6.271914374879258,California,6.271914374879258,36,6.271914374879258,0.6088810078225398,full_float64
TDNet corrected-F6 margin consensus,401858437,2026,1,2026-09-06T20:00:00.000Z,Washington,Washington State,False,regular,10.188578804872124,Washington,10.188578804872124,36,10.188578804872124,0.6701259765396136,full_float64
TDNet corrected-F6 margin consensus,401856661,2026,1,2026-09-06T23:30:00.000Z,Ole Miss,Louisville,True,regular,10.899986792192555,Ole Miss,10.899986792192555,36,10.899986792192555,0.6793530322712614,full_float64
TDNet corrected-F6 margin consensus,401858438,2026,1,2026-09-06T23:30:00.000Z,Wisconsin,Notre Dame,True,regular,-20.487936067256722,Notre Dame,20.487936067256722,36,-20.487936067256722,0.2049442160843078,full_float64
TDNet corrected-F6 margin consensus,401858212,2026,1,2026-09-07T23:30:00.000Z,Florida State,SMU,False,regular,3.3625075496964416,Florida State,3.3625075496964416,36,3.3625075496964416,0.558895948712513,full_float64
TDNet corrected-F6 margin consensus,401856679,2026,2,2026-09-12T16:00:00.000Z,Michigan,Oklahoma,False,regular,8.987017886130904,Michigan,8.987017886130904,36,8.987017886130904,0.6504855216110889,full_float64
TDNet corrected-F6 margin consensus,401856682,2026,2,2026-09-12T23:30:00.000Z,Texas,Ohio State,False,regular,6.0412685844273915,Texas,6.0412685844273915,36,6.0412685844273915,0.603990421623694,full_float64
