game_id,season,week,game_start_time_utc,home_team,away_team,neutral_site,conference_game,season_type,pred_home_margin,pred_home_margin_median,pred_home_win_probability,model_count,model_agreement,pred_winner,predicted_margin,ap_rank_home,ap_rank_away
401858214,2026,2,2026-09-11T23:30:00.000Z,Boston College,Rutgers,False,False,regular,4.184310734935809,4.191527563625413,0.5676814787669465,33,0.9090909090909091,Boston College,4.184310734935809,,
401856678,2026,2,2026-09-12T00:00:00.000Z,Kansas,Missouri,False,False,regular,1.4641416640701328,1.4300245110007117,0.5217705685493584,33,0.6666666666666666,Kansas,1.4641416640701328,,
401856679,2026,2,2026-09-12T16:00:00.000Z,Michigan,Oklahoma,False,False,regular,-3.635720088795137,-2.9670333029318927,0.43585046650049053,33,0.8787878787878788,Oklahoma,3.635720088795137,,
401856683,2026,2,2026-09-12T16:00:00.000Z,Texas A&M,Arizona State,False,False,regular,10.179037584093626,10.58229858387557,0.6681895856917321,33,1.0,Texas A&M,10.179037584093626,,
401856781,2026,2,2026-09-12T16:00:00.000Z,Kansas State,Washington State,False,False,regular,22.237281676795618,24.499999999999996,0.8083858306066006,33,1.0,Kansas State,22.237281676795618,,
401856782,2026,2,2026-09-12T16:00:00.000Z,Oklahoma State,Oregon,False,False,regular,-18.75493661419269,-20.652509001169026,0.2248158534785132,33,1.0,Oregon,18.75493661419269,,
401858221,2026,2,2026-09-12T16:00:00.000Z,Virginia Tech,Old Dominion,False,False,regular,22.156822664112074,24.09462646960731,0.8126298185257989,33,1.0,Virginia Tech,22.156822664112074,,
401858224,2026,2,2026-09-12T16:00:00.000Z,Purdue,Wake Forest,False,False,regular,6.143461179504559,6.107347045641578,0.6059032528034173,33,0.9393939393939394,Purdue,6.143461179504559,,
401858442,2026,2,2026-09-12T16:00:00.000Z,Temple,Penn State,False,False,regular,-12.269593497266925,-12.29241760414769,0.3007246041451956,33,0.9696969696969697,Penn State,12.269593497266925,,
401862702,2026,2,2026-09-12T16:00:00.000Z,Army,South Florida,False,True,regular,16.11312065148043,14.33452251991649,0.7447163930300124,33,1.0,Army,16.11312065148043,,
401864571,2026,2,2026-09-12T16:00:00.000Z,East Carolina,App State,False,False,regular,-13.041324580343144,-12.135715092145768,0.30024118338749123,33,0.9696969696969697,App State,13.041324580343144,,
401856673,2026,2,2026-09-12T16:45:00.000Z,Georgia,Western Kentucky,False,False,regular,30.973459782703515,30.0,0.8840039610394271,33,1.0,Georgia,30.973459782703515,,
401856674,2026,2,2026-09-12T19:30:00.000Z,Kentucky,Alabama,False,True,regular,-7.224608848928106,-8.01283697654354,0.37422886718601167,33,0.9696969696969697,Alabama,7.224608848928106,,
401856677,2026,2,2026-09-12T19:30:00.000Z,Minnesota,Mississippi State,False,False,regular,8.920249041313902,8.562291507318978,0.6494157625920607,33,0.9696969696969697,Minnesota,8.920249041313902,,
401856790,2026,2,2026-09-12T19:30:00.000Z,Pittsburgh,UCF,False,False,regular,4.62951478209769,4.351657909342929,0.5829280432347816,33,0.9696969696969697,Pittsburgh,4.62951478209769,,
401856810,2026,2,2026-09-12T19:30:00.000Z,BYU,Arizona,False,True,regular,10.02441006413647,9.652634853746022,0.6676693051367886,33,1.0,BYU,10.02441006413647,,
401858216,2026,2,2026-09-12T19:30:00.000Z,Syracuse,California,False,True,regular,21.50011868897134,24.318241869936376,0.7993617057383345,33,1.0,Syracuse,21.50011868897134,,
401858217,2026,2,2026-09-12T19:30:00.000Z,Illinois,Duke,False,False,regular,7.4103128657763895,6.9,0.6245368214809566,33,0.9696969696969697,Illinois,7.4103128657763895,,
401858440,2026,2,2026-09-12T19:30:00.000Z,Michigan State,Eastern Michigan,False,False,regular,10.017404538405112,9.966666666666667,0.6690473766210792,33,1.0,Michigan State,10.017404538405112,,
401858444,2026,2,2026-09-12T19:30:00.000Z,UConn,Maryland,False,False,regular,2.334748737546152,2.5240459968724815,0.541689343633302,33,0.9090909090909091,UConn,2.334748737546152,,
401858446,2026,2,2026-09-12T19:30:00.000Z,Washington,Utah State,False,False,regular,19.89675867918891,21.84145881000953,0.7912876309816675,33,1.0,Washington,19.89675867918891,,
401859184,2026,2,2026-09-12T19:30:00.000Z,Notre Dame,Rice,False,False,regular,18.300567464344752,18.78170949318914,0.7765562930941232,33,1.0,Notre Dame,18.300567464344752,,
401860884,2026,2,2026-09-12T19:30:00.000Z,Texas State,UTSA,False,False,regular,-12.030597787388286,-13.689323983078207,0.30616976523099865,33,0.9696969696969697,UTSA,12.030597787388286,,
401862708,2026,2,2026-09-12T19:30:00.000Z,UAB,UL Monroe,False,False,regular,15.22195728891515,16.39274545305033,0.7385120375114216,33,1.0,UAB,15.22195728891515,,
401862705,2026,2,2026-09-12T19:45:00.000Z,North Texas,UNLV,False,False,regular,-10.588578662667347,-10.629955562289865,0.327071350730551,33,0.9696969696969697,UNLV,10.588578662667347,,
401856684,2026,2,2026-09-12T20:15:00.000Z,Vanderbilt,Delaware,False,False,regular,8.606315945992211,8.187192588081473,0.6448749180120357,33,1.0,Vanderbilt,8.606315945992211,,
401860881,2026,2,2026-09-12T22:00:00.000Z,Boise State,Memphis,False,False,regular,-0.7204427409741438,-0.8757701123256556,0.48794340645908874,33,0.7878787878787878,Memphis,0.7204427409741438,,
401866414,2026,2,2026-09-12T22:00:00.000Z,Florida International,Buffalo,False,False,regular,4.560410639334276,3.940045039585546,0.5808255444143627,33,0.9090909090909091,Florida International,4.560410639334276,,
401866418,2026,2,2026-09-12T22:00:00.000Z,Ohio,Jacksonville State,False,False,regular,-10.065298635973159,-9.814939498901367,0.33474320118864714,33,1.0,Jacksonville State,10.065298635973159,,
401856681,2026,2,2026-09-12T23:00:00.000Z,Georgia Tech,Tennessee,False,False,regular,-12.224958368046293,-13.255173697810138,0.30122916870166283,33,0.9696969696969697,Tennessee,12.224958368046293,,
401858441,2026,2,2026-09-12T23:00:00.000Z,Nebraska,Bowling Green,False,False,regular,22.320077753176722,22.747832412593613,0.8167037133238543,33,1.0,Nebraska,22.320077753176722,,
401862707,2026,2,2026-09-12T23:00:00.000Z,Sam Houston,Tulsa,False,False,regular,-2.33415454934051,-1.9370794496356263,0.45834597529838345,33,0.8181818181818182,Tulsa,2.33415454934051,,
401864575,2026,2,2026-09-12T23:00:00.000Z,Tulane,South Alabama,False,False,regular,-2.620032245972649,-3.4169151881776365,0.4539925134610073,33,0.7272727272727273,South Alabama,2.620032245972649,,
401869955,2026,2,2026-09-12T23:00:00.000Z,Kennesaw State,Georgia State,False,False,regular,8.716282595404119,8.063377977692609,0.6469017532784117,33,1.0,Kennesaw State,8.716282595404119,,
401871045,2026,2,2026-09-12T23:00:00.000Z,Marshall,Middle Tennessee,False,False,regular,-6.722799496504817,-7.77464745985777,0.3896810234294291,33,0.8484848484848485,Middle Tennessee,6.722799496504817,,
401858443,2026,2,2026-09-12T23:15:00.000Z,UCLA,San Diego State,False,False,regular,11.784079838624962,12.729492679225324,0.6908835380561816,33,1.0,UCLA,11.784079838624962,,
401856682,2026,2,2026-09-12T23:30:00.000Z,Texas,Ohio State,False,False,regular,-3.679653709685833,-3.5173626929377106,0.4378126338698403,33,0.9090909090909091,Ohio State,3.679653709685833,,
401856783,2026,2,2026-09-12T23:30:00.000Z,Oregon State,Texas Tech,False,False,regular,-16.070918969203316,-16.36057086452168,0.2505020823766442,33,1.0,Texas Tech,16.070918969203316,,
401856788,2026,2,2026-09-12T23:30:00.000Z,Iowa,Iowa State,False,False,regular,11.117562913580263,10.735942411070008,0.6840518053376121,33,1.0,Iowa,11.117562913580263,,
401858219,2026,2,2026-09-12T23:30:00.000Z,Clemson,Georgia Southern,False,False,regular,-6.807455897049632,-10.672187042953482,0.3931299795254874,33,0.7272727272727273,Georgia Southern,6.807455897049632,,
401862703,2026,2,2026-09-12T23:30:00.000Z,Florida Atlantic,Navy,False,True,regular,-9.089511557807485,-8.715957164330764,0.352401624868593,33,0.9090909090909091,Navy,9.089511557807485,,
401867796,2026,2,2026-09-12T23:30:00.000Z,LSU,Louisiana Tech,False,False,regular,13.661075672705927,12.237307627497325,0.7183111291323659,33,1.0,LSU,13.661075672705927,,
401856671,2026,2,2026-09-12T23:45:00.000Z,Auburn,Southern Miss,False,False,regular,-2.6496416681304082,-1.9756033736196181,0.45833831226043464,33,0.696969696969697,Southern Miss,2.6496416681304082,,
401856676,2026,2,2026-09-12T23:45:00.000Z,Ole Miss,Charlotte,False,False,regular,20.695346913694237,22.199675687505277,0.7998486420348794,33,1.0,Ole Miss,20.695346913694237,,
401864502,2026,2,2026-09-13T02:00:00.000Z,Air Force,North Dakota State,False,True,regular,3.05039544273759,3.252328553199386,0.5524554675860863,33,0.9090909090909091,Air Force,3.05039544273759,,
401856670,2026,2,2026-09-13T02:15:00.000Z,Utah,Arkansas,False,False,regular,15.806156643407176,16.08057567498315,0.7453627200241519,33,1.0,Utah,15.806156643407176,,
401860883,2026,2,2026-09-13T02:30:00.000Z,Fresno State,Sacramento State,False,False,regular,-7.1482789171658885,-6.448935524202582,0.3841754010913893,33,0.7575757575757576,Sacramento State,7.1482789171658885,,
401858445,2026,2,2026-09-13T03:00:00.000Z,USC,Louisiana,False,False,regular,11.039095926868027,8.905501750795837,0.6768499568155879,33,1.0,USC,11.039095926868027,,
401864578,2026,2,2026-09-13T03:59:00.000Z,Hawai'i,New Mexico State,False,False,regular,-2.820742354028901,-1.6050215420791485,0.44549159719066245,33,0.5757575757575758,New Mexico State,2.820742354028901,,
