rank_common_263,row_type,series_id,fingerprint,model_id,available_games,common_games,margin_mae_common,margin_mae_available,su_record,winner_accuracy_common,upset_calls,upset_calls_correct,upset_call_precision,brier_score_common,brier_games_common,ats_record,ats_accuracy_common
,market,Archived pregame market,Market,—,263,263,11.50000000,11.50000000,209–50,0.80694981,,,,0.13304743,259,No bet,
,consensus,F19 equal consensus,F19,Equal,263,263,11.58280708,11.58280708,213–50,0.80988593,4.00000000,2.00000000,0.50000000,0.13422913,263,131–125–7,0.51171875
,consensus,F18 equal consensus,F18,Equal,271,263,13.26356694,13.18128218,200–63,0.76045627,37.00000000,12.00000000,0.32432432,0.16261676,263,127–129–7,0.49609375
,consensus,Full common-game consensus,F0–F19,Equal,263,263,13.12666562,13.12666562,204–59,0.77566540,31.00000000,11.00000000,0.35483871,0.16302848,263,125–131–7,0.48828125
,consensus,Full available-vote consensus,F0–F19,Equal,271,263,13.12666562,13.07256545,204–59,0.77566540,31.00000000,11.00000000,0.35483871,0.16302848,263,125–131–7,0.48828125
1.00000000,model,scientific_F19_M4,F19,M4,263,263,11.48836954,11.48836954,216–47,0.82129278,5.00000000,4.00000000,0.80000000,0.13587472,263,131–125–7,0.51171875
2.00000000,model,scientific_F19_M3,F19,M3,263,263,11.51448699,11.51448699,212–51,0.80608365,5.00000000,2.00000000,0.40000000,0.13241709,263,135–121–7,0.52734375
3.00000000,model,scientific_F19_M1,F19,M1,263,263,11.54579967,11.54579967,213–50,0.80988593,6.00000000,3.00000000,0.50000000,0.13360199,263,127–129–7,0.49609375
4.00000000,model,scientific_F7_M1,F7,M1,271,263,11.55395420,11.61243408,212–51,0.80608365,1.00000000,0.00000000,0.00000000,0.13283948,263,123–133–7,0.48046875
5.00000000,model,scientific_F19_M2,F19,M2,263,263,11.57327628,11.57327628,212–51,0.80608365,1.00000000,0.00000000,0.00000000,0.13310162,263,126–130–7,0.49218750
6.00000000,model,scientific_F7_M5,F7,M5,271,263,11.87314426,11.89167417,213–50,0.80988593,0.00000000,0.00000000,,0.14665463,263,125–131–7,0.48828125
7.00000000,model,scientific_F7_M2,F7,M2,271,263,11.87917375,11.88768977,212–51,0.80608365,1.00000000,0.00000000,0.00000000,0.13553409,263,122–134–7,0.47656250
8.00000000,model,scientific_F17-market_M4,F17-market,M4,271,263,11.94833078,11.99581364,214–49,0.81368821,9.00000000,5.00000000,0.55555556,0.13641302,263,123–133–7,0.48046875
9.00000000,model,scientific_F19_M10,F19,M10,263,263,12.03845057,12.03845057,215–48,0.81749049,20.00000000,11.00000000,0.55000000,0.13835158,263,122–134–7,0.47656250
10.00000000,model,scientific_F7_M4,F7,M4,271,263,12.04428394,12.04417268,212–51,0.80608365,9.00000000,4.00000000,0.44444444,0.15037997,263,129–127–7,0.50390625
11.00000000,model,scientific_F19_M5,F19,M5,263,263,12.06659797,12.06659797,204–59,0.77566540,27.00000000,9.00000000,0.33333333,0.14428239,263,118–138–7,0.46093750
12.00000000,model,scientific_F17-market_M3,F17-market,M3,271,263,12.07291311,12.05401438,204–59,0.77566540,13.00000000,2.00000000,0.15384615,0.13956689,263,124–132–7,0.48437500
13.00000000,model,scientific_F7_M3,F7,M3,271,263,12.20455734,12.19677848,212–51,0.80608365,11.00000000,5.00000000,0.45454545,0.14982907,263,119–137–7,0.46484375
14.00000000,model,scientific_F17-market_M1,F17-market,M1,271,263,12.22906734,12.19229820,207–56,0.78707224,8.00000000,1.00000000,0.12500000,0.13781852,263,132–124–7,0.51562500
15.00000000,model,scientific_F8_M4,F8,M4,271,263,12.25624049,12.27141896,201–62,0.76425856,16.00000000,2.00000000,0.12500000,0.15341688,263,130–126–7,0.50781250
16.00000000,model,scientific_F7_M10,F7,M10,271,263,12.70498099,12.63730627,201–62,0.76425856,22.00000000,5.00000000,0.22727273,0.17840660,263,123–133–7,0.48046875
17.00000000,model,scientific_F17-market_M2,F17-market,M2,271,263,12.73479633,12.66075962,211–52,0.80228137,30.00000000,14.00000000,0.46666667,0.15103245,263,140–116–7,0.54687500
18.00000000,model,scientific_F8_M1,F8,M1,271,263,13.01623496,13.02315896,207–56,0.78707224,24.00000000,9.00000000,0.37500000,0.14984005,263,128–128–7,0.50000000
19.00000000,model,scientific_F18_M1,F18,M1,271,263,13.09947710,13.01441044,211–52,0.80228137,34.00000000,16.00000000,0.47058824,0.15407648,263,123–133–7,0.48046875
20.00000000,model,scientific_F8_M2,F8,M2,271,263,13.10856194,13.08862519,206–57,0.78326996,37.00000000,15.00000000,0.40540541,0.17956966,263,136–120–7,0.53125000
21.00000000,model,scientific_F11_M4,F11,M4,271,263,13.13012015,13.06540089,201–62,0.76425856,40.00000000,14.00000000,0.35000000,0.16085737,263,120–136–7,0.46875000
22.00000000,model,scientific_F10_M4,F10,M4,271,263,13.13521974,13.07158901,204–59,0.77566540,41.00000000,16.00000000,0.39024390,0.16134833,263,121–135–7,0.47265625
23.00000000,model,scientific_F13_M4,F13,M4,271,263,13.15719127,13.09444608,203–60,0.77186312,42.00000000,16.00000000,0.38095238,0.16247668,263,123–133–7,0.48046875
24.00000000,model,scientific_F12_M4,F12,M4,271,263,13.16022537,13.10296380,202–61,0.76806084,41.00000000,15.00000000,0.36585366,0.16166235,263,121–135–7,0.47265625
25.00000000,model,scientific_F16_M4,F16,M4,271,263,13.17699870,13.11672129,202–61,0.76806084,39.00000000,14.00000000,0.35897436,0.16314614,263,121–135–7,0.47265625
26.00000000,model,scientific_F14_M4,F14,M4,271,263,13.19868865,13.13572633,200–63,0.76045627,39.00000000,13.00000000,0.33333333,0.16312011,263,121–135–7,0.47265625
27.00000000,model,scientific_F15_M4,F15,M4,271,263,13.21851151,13.16119493,203–60,0.77186312,42.00000000,16.00000000,0.38095238,0.16331327,263,119–137–7,0.46484375
28.00000000,model,scientific_F12_M3,F12,M3,271,263,13.28516273,13.20002364,196–67,0.74524715,41.00000000,12.00000000,0.29268293,0.16632156,263,125–131–7,0.48828125
29.00000000,model,scientific_F11_M3,F11,M3,271,263,13.29721083,13.21280148,195–68,0.74144487,40.00000000,11.00000000,0.27500000,0.16696085,263,125–131–7,0.48828125
30.00000000,model,scientific_F14_M3,F14,M3,271,263,13.32083998,13.23300740,196–67,0.74524715,43.00000000,13.00000000,0.30232558,0.16726296,263,120–136–7,0.46875000
31.00000000,model,scientific_F18_M4,F18,M4,271,263,13.32696091,13.25252436,201–62,0.76425856,38.00000000,13.00000000,0.34210526,0.16414772,263,122–134–7,0.47656250
32.00000000,model,scientific_F12_M1,F12,M1,271,263,13.32778182,13.23121027,208–55,0.79087452,35.00000000,15.00000000,0.42857143,0.15469621,263,126–130–7,0.49218750
33.00000000,model,scientific_F10_M3,F10,M3,271,263,13.33534035,13.23198559,193–70,0.73384030,40.00000000,10.00000000,0.25000000,0.16795915,263,123–133–7,0.48046875
34.00000000,model,scientific_F9_M4,F9,M4,271,263,13.34012795,13.31323383,199–64,0.75665399,42.00000000,14.00000000,0.33333333,0.16669258,263,124–132–7,0.48437500
35.00000000,model,scientific_F11_M1,F11,M1,271,263,13.34701487,13.24545610,208–55,0.79087452,35.00000000,15.00000000,0.42857143,0.15506073,263,125–131–7,0.48828125
36.00000000,model,scientific_F16_M1,F16,M1,271,263,13.35434242,13.27000418,209–54,0.79467681,34.00000000,15.00000000,0.44117647,0.15353102,263,125–131–7,0.48828125
37.00000000,model,scientific_F13_M3,F13,M3,271,263,13.35465364,13.27397756,195–68,0.74144487,40.00000000,11.00000000,0.27500000,0.16668808,263,121–135–7,0.47265625
38.00000000,model,scientific_F10_M1,F10,M1,271,263,13.37224084,13.26278674,205–58,0.77946768,38.00000000,15.00000000,0.39473684,0.15546582,263,128–128–7,0.50000000
39.00000000,model,scientific_F15_M1,F15,M1,271,263,13.37788769,13.28105045,209–54,0.79467681,38.00000000,17.00000000,0.44736842,0.15558401,263,121–135–7,0.47265625
40.00000000,model,scientific_F14_M1,F14,M1,271,263,13.37848139,13.28133096,209–54,0.79467681,38.00000000,17.00000000,0.44736842,0.15557076,263,121–135–7,0.47265625
41.00000000,model,scientific_F18_M5,F18,M5,271,263,13.37981486,13.31219173,202–61,0.76806084,39.00000000,14.00000000,0.35897436,0.16265995,263,124–132–7,0.48437500
42.00000000,model,scientific_F13_M1,F13,M1,271,263,13.38057882,13.28339526,209–54,0.79467681,38.00000000,17.00000000,0.44736842,0.15561613,263,121–135–7,0.47265625
43.00000000,model,scientific_F16_M3,F16,M3,271,263,13.38385917,13.30367073,196–67,0.74524715,41.00000000,12.00000000,0.29268293,0.16774507,263,121–135–7,0.47265625
44.00000000,model,scientific_F15_M3,F15,M3,271,263,13.38781760,13.29965079,196–67,0.74524715,43.00000000,13.00000000,0.30232558,0.16791462,263,121–135–7,0.47265625
45.00000000,model,scientific_F9_M3,F9,M3,271,263,13.39023732,13.32546968,196–67,0.74524715,43.00000000,13.00000000,0.30232558,0.16856962,263,126–130–7,0.49218750
46.00000000,model,scientific_F9_M1,F9,M1,271,263,13.48321542,13.37473578,205–58,0.77946768,38.00000000,15.00000000,0.39473684,0.15735726,263,130–126–7,0.50781250
47.00000000,model,scientific_F18_M2,F18,M2,271,263,13.49825124,13.40637385,198–65,0.75285171,41.00000000,13.00000000,0.31707317,0.16540671,263,120–136–7,0.46875000
48.00000000,model,scientific_F8_M3,F8,M3,271,263,13.52996177,13.45216162,200–63,0.76045627,25.00000000,6.00000000,0.24000000,0.16973539,263,126–130–7,0.49218750
49.00000000,model,scientific_F18_M3,F18,M3,271,263,13.55255992,13.48298567,196–67,0.74524715,39.00000000,11.00000000,0.28205128,0.17095801,263,120–136–7,0.46875000
50.00000000,model,scientific_F6_M4,F6,M4,271,263,13.56966904,13.57842390,200–63,0.76045627,37.00000000,12.00000000,0.32432432,0.17232777,263,129–127–7,0.50390625
51.00000000,model,scientific_F12_M2,F12,M2,271,263,13.75576224,13.65989689,204–59,0.77566540,37.00000000,14.00000000,0.37837838,0.16446839,263,132–124–7,0.51562500
52.00000000,model,scientific_F11_M2,F11,M2,271,263,13.77664546,13.65645984,205–58,0.77946768,38.00000000,15.00000000,0.39473684,0.16449378,263,134–122–7,0.52343750
53.00000000,model,scientific_F13_M2,F13,M2,271,263,13.78158131,13.68304305,205–58,0.77946768,38.00000000,15.00000000,0.39473684,0.16557044,263,133–123–7,0.51953125
54.00000000,model,scientific_F6_M2,F6,M2,271,263,13.78286794,13.79612166,195–68,0.74144487,46.00000000,14.00000000,0.30434783,0.19021914,263,134–122–7,0.52343750
55.00000000,model,scientific_F12_M10,F12,M10,271,263,13.79391635,13.70664207,196–67,0.74524715,49.00000000,16.00000000,0.32653061,0.17758074,263,126–129–7,0.49411765
56.00000000,model,scientific_F10_M2,F10,M2,271,263,13.80854181,13.69092604,204–59,0.77566540,37.00000000,14.00000000,0.37837838,0.16493820,263,132–124–7,0.51562500
57.00000000,model,scientific_F17-market_M10,F17-market,M10,271,263,13.81140684,13.67730627,196–67,0.74524715,51.00000000,17.00000000,0.33333333,0.17153620,263,120–135–7,0.47058824
58.00000000,model,scientific_F14_M2,F14,M2,271,263,13.81320308,13.71012793,205–58,0.77946768,38.00000000,15.00000000,0.39473684,0.16560733,263,132–124–7,0.51562500
59.00000000,model,scientific_F16_M2,F16,M2,271,263,13.81886328,13.72016234,204–59,0.77566540,39.00000000,15.00000000,0.38461538,0.16539259,263,130–126–7,0.50781250
60.00000000,model,scientific_F15_M2,F15,M2,271,263,13.82943016,13.73080062,206–57,0.78326996,39.00000000,16.00000000,0.41025641,0.16559928,263,130–126–7,0.50781250
61.00000000,model,scientific_F11_M10,F11,M10,271,263,13.85627376,13.78247232,196–67,0.74524715,53.00000000,18.00000000,0.33962264,0.17859894,263,124–132–7,0.48437500
62.00000000,model,scientific_F6_M3,F6,M3,271,263,13.94090959,13.92014510,191–72,0.72623574,44.00000000,11.00000000,0.25000000,0.17927949,263,132–124–7,0.51562500
63.00000000,model,scientific_F9_M2,F9,M2,271,263,13.95994396,13.83684534,202–61,0.76806084,37.00000000,13.00000000,0.35135135,0.16668532,263,131–125–7,0.51171875
64.00000000,model,scientific_F10_M10,F10,M10,271,263,13.97224335,13.90405904,197–66,0.74904943,50.00000000,17.00000000,0.34000000,0.17649002,263,123–133–7,0.48046875
65.00000000,model,scientific_F13_M10,F13,M10,271,263,14.00513308,13.88136531,195–68,0.74144487,54.00000000,18.00000000,0.33333333,0.17781890,263,124–131–7,0.48627451
66.00000000,model,scientific_F16_M10,F16,M10,271,263,14.01273764,13.88394834,190–73,0.72243346,57.00000000,17.00000000,0.29824561,0.17821541,263,124–132–7,0.48437500
67.00000000,model,scientific_F5_M4,F5,M4,271,263,14.02616849,14.03864800,195–68,0.74144487,34.00000000,8.00000000,0.23529412,0.17561606,263,122–134–7,0.47656250
68.00000000,model,scientific_F8_M10,F8,M10,271,263,14.03155894,13.98634686,191–72,0.72623574,36.00000000,7.00000000,0.19444444,0.19083740,263,127–129–7,0.49609375
69.00000000,model,scientific_F5_M3,F5,M3,271,263,14.03312051,14.03510884,192–71,0.73003802,39.00000000,9.00000000,0.23076923,0.17765835,263,124–132–7,0.48437500
70.00000000,model,scientific_F18_M10,F18,M10,271,263,14.03916350,13.91974170,189–74,0.71863118,48.00000000,12.00000000,0.25000000,0.18433481,263,131–125–7,0.51171875
71.00000000,model,scientific_F5_M2,F5,M2,271,263,14.10291291,14.07732595,186–77,0.70722433,43.00000000,8.00000000,0.18604651,0.19133252,263,133–123–7,0.51953125
72.00000000,model,scientific_F14_M10,F14,M10,271,263,14.10969582,14.00664207,192–71,0.73003802,53.00000000,16.00000000,0.30188679,0.17946041,263,121–135–7,0.47265625
73.00000000,model,scientific_F17-market_M5,F17-market,M5,271,263,14.11476447,14.02182503,194–69,0.73764259,43.00000000,12.00000000,0.27906977,0.17622042,263,123–133–7,0.48046875
74.00000000,model,scientific_F4_M4,F4,M4,271,263,14.12555434,14.13730859,195–68,0.74144487,42.00000000,12.00000000,0.28571429,0.17715408,263,123–133–7,0.48046875
75.00000000,model,scientific_F15_M10,F15,M10,271,263,14.18346008,14.05184502,196–67,0.74524715,53.00000000,18.00000000,0.33962264,0.17949150,263,122–133–7,0.47843137
76.00000000,model,scientific_F3_M4,F3,M4,271,263,14.19429284,14.15911166,193–70,0.73384030,38.00000000,9.00000000,0.23684211,0.18152362,263,125–131–7,0.48828125
77.00000000,model,scientific_F4_M2,F4,M2,271,263,14.19513214,14.19982753,192–71,0.73003802,49.00000000,14.00000000,0.28571429,0.17932154,263,138–118–7,0.53906250
78.00000000,model,scientific_F3_M2,F3,M2,271,263,14.29568708,14.25721432,194–69,0.73764259,49.00000000,15.00000000,0.30612245,0.18291862,263,138–118–7,0.53906250
79.00000000,model,scientific_F4_M3,F4,M3,271,263,14.36673174,14.33193086,190–73,0.72243346,41.00000000,9.00000000,0.21951220,0.18344387,263,121–135–7,0.47265625
80.00000000,model,scientific_F6_M1,F6,M1,271,263,14.38865385,14.40135563,194–69,0.73764259,43.00000000,12.00000000,0.27906977,0.17954218,263,128–128–7,0.50000000
81.00000000,model,scientific_F3_M3,F3,M3,271,263,14.44125310,14.37600027,188–75,0.71482890,43.00000000,9.00000000,0.20930233,0.18517436,263,122–134–7,0.47656250
82.00000000,model,scientific_F2_M4,F2,M4,271,263,14.47199992,14.43582797,188–75,0.71482890,53.00000000,14.00000000,0.26415094,0.18770188,263,120–136–7,0.46875000
83.00000000,model,scientific_F5_M1,F5,M1,271,263,14.49011214,14.49316229,194–69,0.73764259,43.00000000,12.00000000,0.27906977,0.18298569,263,125–131–7,0.48828125
84.00000000,model,scientific_F6_M10,F6,M10,271,263,14.50769962,14.42232472,188–75,0.71482890,49.00000000,12.00000000,0.24489796,0.19758764,263,123–133–7,0.48046875
85.00000000,model,scientific_F4_M1,F4,M1,271,263,14.53448695,14.53438146,194–69,0.73764259,47.00000000,14.00000000,0.29787234,0.18885207,263,130–126–7,0.50781250
86.00000000,model,scientific_F5_M10,F5,M10,271,263,14.54515209,14.48357934,182–81,0.69201521,55.00000000,12.00000000,0.21818182,0.20165812,263,123–131–7,0.48425197
87.00000000,model,scientific_F1_M3,F1,M3,271,263,14.65382314,14.61316859,188–75,0.71482890,51.00000000,13.00000000,0.25490196,0.18810821,263,123–133–7,0.48046875
88.00000000,model,scientific_F3_M1,F3,M1,271,263,14.66499043,14.60277736,192–71,0.73003802,47.00000000,13.00000000,0.27659574,0.19196435,263,127–129–7,0.49609375
89.00000000,model,scientific_F12_M5,F12,M5,271,263,14.68462910,14.63699246,196–67,0.74524715,51.00000000,17.00000000,0.33333333,0.17704820,263,126–130–7,0.49218750
90.00000000,model,scientific_F1_M4,F1,M4,271,263,14.73061932,14.68006399,191–72,0.72623574,46.00000000,12.00000000,0.26086957,0.18962399,263,120–136–7,0.46875000
91.00000000,model,scientific_F0_M4,F0,M4,271,263,14.75057447,14.63887340,197–66,0.74904943,50.00000000,17.00000000,0.34000000,0.18979867,263,122–134–7,0.47656250
92.00000000,model,scientific_F2_M2,F2,M2,271,263,14.76364042,14.74353386,187–76,0.71102662,50.00000000,12.00000000,0.24000000,0.19290729,263,125–131–7,0.48828125
93.00000000,model,scientific_F0_M2,F0,M2,271,263,14.80446150,14.68071396,194–69,0.73764259,55.00000000,18.00000000,0.32727273,0.19052887,263,121–135–7,0.47265625
94.00000000,model,scientific_F0_M5,F0,M5,271,263,14.82928616,14.69493351,194–69,0.73764259,49.00000000,15.00000000,0.30612245,0.18779355,263,125–131–7,0.48828125
95.00000000,model,scientific_F1_M2,F1,M2,271,263,14.93529885,14.90111303,183–80,0.69581749,52.00000000,11.00000000,0.21153846,0.19267733,263,124–132–7,0.48437500
96.00000000,model,scientific_F0_M1,F0,M1,271,263,14.96401278,14.81918259,192–71,0.73003802,59.00000000,19.00000000,0.32203390,0.19195652,263,122–134–7,0.47656250
97.00000000,model,scientific_F9_M10,F9,M10,271,263,14.96558935,14.82859779,182–81,0.69201521,59.00000000,14.00000000,0.23728814,0.19235484,263,116–139–7,0.45490196
98.00000000,model,scientific_F8_M5,F8,M5,271,263,14.97679752,14.89712666,187–76,0.71102662,52.00000000,13.00000000,0.25000000,0.19136619,263,131–125–7,0.51171875
99.00000000,model,scientific_F2_M3,F2,M3,271,263,15.07221090,15.01344151,185–78,0.70342205,52.00000000,12.00000000,0.23076923,0.19829489,263,118–138–7,0.46093750
100.00000000,model,scientific_F13_M5,F13,M5,271,263,15.13336477,15.04209444,192–71,0.73003802,53.00000000,16.00000000,0.30188679,0.18483831,263,107–149–7,0.41796875
101.00000000,model,scientific_F2_M1,F2,M1,271,263,15.19646212,15.13276883,187–76,0.71102662,48.00000000,11.00000000,0.22916667,0.20008545,263,120–136–7,0.46875000
102.00000000,model,scientific_F1_M5,F1,M5,271,263,15.22557618,15.17025981,182–81,0.69201521,55.00000000,12.00000000,0.21818182,0.19099364,263,125–131–7,0.48828125
103.00000000,model,scientific_F15_M5,F15,M5,271,263,15.29057582,15.20352651,187–76,0.71102662,52.00000000,13.00000000,0.25000000,0.19002516,263,124–132–7,0.48437500
104.00000000,model,scientific_F16_M5,F16,M5,271,263,15.30266352,15.24168654,190–73,0.72243346,55.00000000,16.00000000,0.29090909,0.18821528,263,112–144–7,0.43750000
105.00000000,model,scientific_F14_M5,F14,M5,271,263,15.30418529,15.17927797,185–78,0.70342205,58.00000000,15.00000000,0.25862069,0.19015722,263,117–139–7,0.45703125
106.00000000,model,scientific_F1_M1,F1,M1,271,263,15.33797715,15.26647770,184–79,0.69961977,51.00000000,11.00000000,0.21568627,0.19835476,263,123–133–7,0.48046875
107.00000000,model,scientific_F10_M5,F10,M5,271,263,15.39462716,15.28514182,192–71,0.73003802,53.00000000,16.00000000,0.30188679,0.18646104,263,120–136–7,0.46875000
108.00000000,model,scientific_F6_M5,F6,M5,271,263,15.53535439,15.33113925,186–77,0.70722433,53.00000000,13.00000000,0.24528302,0.20084277,263,119–137–7,0.46484375
109.00000000,model,scientific_F11_M5,F11,M5,271,263,15.68107892,15.57245933,192–71,0.73003802,51.00000000,15.00000000,0.29411765,0.19212328,263,108–148–7,0.42187500
110.00000000,model,scientific_F1_M10,F1,M10,271,263,15.75454302,15.64483862,182–81,0.69201521,65.00000000,17.00000000,0.26153846,0.20362974,263,119–137–7,0.46484375
111.00000000,model,scientific_F4_M10,F4,M10,271,263,15.75484747,15.68714186,179–84,0.68060837,64.00000000,15.00000000,0.23437500,0.20229063,263,128–128–7,0.50000000
112.00000000,model,scientific_F3_M10,F3,M10,271,263,15.86121381,15.75974509,178–85,0.67680608,63.00000000,14.00000000,0.22222222,0.20740307,263,129–127–7,0.50390625
113.00000000,model,scientific_F9_M5,F9,M5,271,263,16.08161997,15.95074026,187–76,0.71102662,50.00000000,12.00000000,0.24000000,0.19448578,263,115–141–7,0.44921875
114.00000000,model,scientific_F0_M10,F0,M10,271,263,16.41099889,16.26457016,178–85,0.67680608,75.00000000,20.00000000,0.26666667,0.21353300,263,132–124–7,0.51562500
115.00000000,model,scientific_F5_M5,F5,M5,271,263,16.43827728,16.35350649,178–85,0.67680608,69.00000000,17.00000000,0.24637681,0.20830968,263,139–117–7,0.54296875
116.00000000,model,scientific_F0_M3,F0,M3,271,263,16.45422522,16.27524654,177–86,0.67300380,80.00000000,22.00000000,0.27500000,0.21528302,263,134–122–7,0.52343750
117.00000000,model,scientific_F2_M10,F2,M10,271,263,16.65422382,16.51690178,167–96,0.63498099,74.00000000,14.00000000,0.18918919,0.21449582,263,122–134–7,0.47656250
118.00000000,model,scientific_F2_M5,F2,M5,271,263,16.69445258,16.60365714,178–85,0.67680608,63.00000000,14.00000000,0.22222222,0.20983967,263,129–127–7,0.50390625
119.00000000,model,scientific_F3_M5,F3,M5,271,263,17.48131288,17.30029087,178–85,0.67680608,61.00000000,13.00000000,0.21311475,0.21493944,263,117–139–7,0.45703125
120.00000000,model,scientific_F4_M5,F4,M5,271,263,17.78678960,17.68651707,170–93,0.64638783,75.00000000,16.00000000,0.21333333,0.22760438,263,129–127–7,0.50390625
