fingerprint,model,successes,failures,features,mae_2024,rmse_2024,brier_2024,winner_accuracy_2024,ats_accuracy_2024,upset_accuracy_2024,mae_2025,rmse_2025,brier_2025,winner_accuracy_2025,ats_accuracy_2025,upset_accuracy_2025,n_games_2024,n_games_2025
F06_F_a,M2,8,2,225,13.47304635684291,17.17610916314529,0.19907388887150024,0.6916890080428955,0.49383561643835616,0.22325581395348837,13.080402036547666,16.50734557178607,0.18753450868024252,0.7173051519154557,0.5087719298245614,0.26666666666666666,746,757
F06_F_a,M4,10,0,225,13.3017587938217,16.856629845032547,0.19722664787364166,0.697721179624665,0.5013698630136987,0.22093023255813954,12.861403853443138,16.345938654187812,0.18503961247734257,0.714663143989432,0.5134952766531713,0.2205128205128205,746,757
F06_F_b,M2,8,2,235,13.481028801717063,17.20070570194557,0.19888962435840263,0.6943699731903485,0.4917808219178082,0.2255813953488372,13.127555193727918,16.621840894807185,0.18854632468720184,0.714663143989432,0.5087719298245614,0.26666666666666666,746,757
F06_F_b,M4,10,0,235,13.316359780192824,16.85575438311332,0.19778955563867642,0.6957104557640751,0.5027397260273972,0.21395348837209302,12.883628810764122,16.383258579314663,0.18536427477176376,0.7126816380449141,0.5168690958164642,0.21794871794871795,746,757
F06_F_c,M2,10,0,153,13.386496170753837,17.097036487157304,0.19736556133789898,0.6943699731903485,0.4945205479452055,0.22325581395348837,13.020017422730252,16.467371794569367,0.18657607478015092,0.7192866578599736,0.50944669365722,0.27179487179487183,746,757
F06_F_c,M4,10,0,153,13.388646095875632,16.905474572625415,0.19904215099923508,0.6936997319034852,0.4965753424657534,0.20465116279069767,12.843854093631105,16.391148881114063,0.18487084773749482,0.7186261558784677,0.5155195681511471,0.22820512820512823,746,757
F06_R_a,M2,10,0,162,13.434763912545739,17.116032994006105,0.19856971105447518,0.6936997319034852,0.4931506849315068,0.23488372093023258,12.985210243960912,16.465127567615795,0.18715102143563878,0.7166446499339498,0.5080971659919029,0.25897435897435894,746,757
F06_R_a,M4,10,0,162,13.310209565808451,16.863108055208755,0.19681738895006515,0.6997319034852547,0.5006849315068493,0.2255813953488372,12.800447601968903,16.302223085681604,0.18464433182156056,0.714663143989432,0.5215924426450742,0.2153846153846154,746,757
F06_R_b,M2,10,0,170,13.427414535311154,17.123447591163448,0.1983301685306914,0.6896782841823057,0.4931506849315068,0.23255813953488372,13.011444263863929,16.51926284288215,0.1874943478549292,0.7225891677675033,0.5080971659919028,0.27692307692307694,746,757
F06_R_b,M4,10,0,170,13.272905671643969,16.810478439260535,0.19717122566185416,0.6983914209115282,0.5034246575342466,0.21395348837209302,12.805861058075962,16.32911111148375,0.18446506624848916,0.7166446499339498,0.5195681511470985,0.21025641025641026,746,757
F06_R_c,M2,10,0,60,13.34354850736689,17.056880080662612,0.19806263183227657,0.6943699731903485,0.4863013698630137,0.2186046511627907,12.937766518369124,16.372433905804616,0.186106637720188,0.7225891677675033,0.5242914979757085,0.24102564102564103,746,757
F06_R_c,M4,10,0,60,13.413353120653362,17.001624618609412,0.19958266611105127,0.6896782841823057,0.4904109589041096,0.20465116279069767,12.823702912018419,16.33158887843772,0.18463900091082458,0.7186261558784677,0.5114709851551957,0.2205128205128205,746,757
F09_F_a,M2,10,0,263,13.44811825012288,17.026787721364098,0.19805153486615218,0.67828418230563,0.4849315068493151,0.2186046511627907,13.037091832711848,16.503339890222687,0.18896202204004064,0.7153236459709379,0.50944669365722,0.2512820512820513,746,757
F09_F_a,M4,10,0,263,13.133993104204508,16.633669454951594,0.1940891426319069,0.697721179624665,0.4986301369863014,0.22325581395348837,12.747901637611783,16.175479719259403,0.1838261511948192,0.7113606340819023,0.5215924426450742,0.2153846153846154,746,757
F09_F_b,M2,10,0,281,13.478394395399555,17.0805535033514,0.19769222740162068,0.6802949061662198,0.49178082191780825,0.22790697674418606,13.184257213274812,16.677172959483734,0.1915628006226196,0.7186261558784677,0.5020242914979757,0.2717948717948718,746,757
F09_F_b,M4,10,0,281,13.122054169853477,16.619963157769124,0.1935076141589007,0.693029490616622,0.5034246575342466,0.21395348837209302,12.763479069655952,16.18030644058883,0.18482830985353638,0.714663143989432,0.5236167341430499,0.2205128205128205,746,757
F09_F_c,M2,10,0,183,13.379143012553099,16.94379356522838,0.19641390379907975,0.6843163538873995,0.48904109589041095,0.2186046511627907,12.920866642311353,16.410657006988107,0.18718474370434846,0.7166446499339498,0.5060728744939271,0.2512820512820513,746,757
F09_F_c,M4,10,0,183,13.214108025159266,16.708442064254655,0.19558863417981123,0.6863270777479893,0.48972602739726023,0.20930232558139536,12.728328980649389,16.194766244345256,0.18459677527009488,0.7159841479524438,0.5209176788124157,0.2205128205128205,746,757
F10_F_a,M2,10,0,319,13.393119437181566,16.934777372504584,0.19549638727665597,0.6816353887399464,0.4979452054794521,0.23488372093023258,12.896855628856546,16.415873489956315,0.18689671063905164,0.7239101717305152,0.5182186234817814,0.2897435897435897,746,757
F10_F_a,M4,10,0,319,13.062622656884676,16.515870663244378,0.19270169196076858,0.7024128686327078,0.49726027397260275,0.23255813953488372,12.572285750789677,16.021208629166914,0.18136317342575412,0.7225891677675033,0.5296896086369771,0.2435897435897436,746,757
F10_F_b,M2,10,0,341,13.46427869956058,17.005497365407535,0.19550819967507355,0.6823056300268097,0.4917808219178082,0.2255813953488372,13.03746670029128,16.593594043542666,0.1897563111571165,0.7232496697490092,0.5202429149797572,0.2948717948717948,746,757
F10_F_b,M4,10,0,341,13.113278478361401,16.520147471497797,0.19240980917265132,0.6983914209115282,0.48904109589041095,0.21395348837209302,12.566535073590813,16.04421156913044,0.18175864997284874,0.7239101717305152,0.5330634278002699,0.2435897435897436,746,757
F10_F_c,M2,10,0,210,13.416791876524453,16.974578279676948,0.19409412973883677,0.6829758713136729,0.4849315068493151,0.22790697674418606,12.762273368841747,16.33143992372102,0.18505620846167253,0.714663143989432,0.5195681511470985,0.28205128205128205,746,757
F10_F_c,M4,10,0,210,13.190194670796226,16.72937790178762,0.19456903535970826,0.6990616621983914,0.49931506849315066,0.22790697674418603,12.592610078380973,16.04427415317494,0.1809837270638196,0.7278731836195509,0.5330634278002699,0.2564102564102564,746,757
F11_F_a,M2,10,0,326,13.706990014413861,17.25545267172526,0.19901744610357525,0.6789137380191693,0.4812091503267974,0.25,12.537048340483967,16.133478554722984,0.19176109441190028,0.7097649186256781,0.533210332103321,0.2785234899328859,626,553
F11_F_a,M4,10,0,326,13.14175469847654,16.620010340941477,0.19317179453633287,0.694888178913738,0.4918300653594771,0.239010989010989,12.206475215438145,15.700043711080685,0.1841012996099775,0.7151898734177216,0.5461254612546126,0.23154362416107382,626,553
F11_F_b,M2,10,0,349,13.83148033795374,17.367154787695327,0.1998317367429761,0.6781150159744409,0.4812091503267974,0.24175824175824176,12.670112028026718,16.352753529309666,0.19438925404751095,0.7061482820976492,0.525830258302583,0.2785234899328859,626,553
F11_F_b,M4,10,0,349,13.196166887411835,16.704803790068297,0.19338455922670836,0.6980830670926518,0.49019607843137253,0.24725274725274726,12.2013701801248,15.72394280959677,0.1842579041755307,0.7142857142857143,0.5285977859778598,0.21476510067114093,626,553
F11_F_c,M2,10,0,215,13.711376767988519,17.319371033039435,0.197726532400247,0.6757188498402555,0.46486928104575165,0.23351648351648352,12.370673974040987,15.955206690969948,0.18800371566550855,0.7115732368896925,0.5313653136531364,0.2516778523489933,626,553
F11_F_c,M4,10,0,215,13.209141356910871,16.81870714406085,0.19405759556776225,0.6964856230031948,0.48447712418300654,0.24450549450549453,12.27608215761548,15.81768049770416,0.18516950107990912,0.7151898734177216,0.5285977859778598,0.21140939597315436,626,553
F12_F_a,M2,10,0,339,13.823579144525388,17.40437364204805,0.20115961979449723,0.6725239616613419,0.49019607843137253,0.2554945054945055,12.729217637671049,16.319427828491087,0.19431238303428766,0.6980108499095841,0.5313653136531366,0.26174496644295303,626,553
F12_F_a,M4,10,0,339,13.186887587286755,16.708434886196017,0.19383642355311248,0.6916932907348243,0.48856209150326796,0.25274725274725274,12.393033142160293,15.873102931646658,0.18665828467663967,0.7142857142857143,0.514760147601476,0.2080536912751678,626,553
F12_F_b,M2,10,0,365,13.967944712089931,17.539875088641175,0.20202393267308105,0.6765175718849841,0.4877450980392157,0.24725274725274726,12.915773739664075,16.620820556854135,0.1981463443176565,0.6907775768535263,0.5193726937269373,0.2651006711409396,626,553
F12_F_b,M4,10,0,365,13.205214714586486,16.760235857974205,0.1930596360962269,0.6988817891373802,0.4803921568627451,0.260989010989011,12.283780104140192,15.790044432554637,0.18503818284629406,0.7179023508137432,0.5285977859778598,0.2046979865771812,626,553
F12_F_c,M2,10,0,224,13.745576359211181,17.329380670609915,0.19821651038306964,0.6741214057507987,0.4599673202614379,0.24175824175824176,12.595006474093129,16.15782004269205,0.190829504180486,0.7061482820976492,0.5267527675276753,0.2550335570469799,626,553
F12_F_c,M4,10,0,224,13.179017826106191,16.795480826332188,0.19341322016476592,0.6972843450479234,0.4950980392156863,0.26373626373626374,12.356687179249667,15.90033897064734,0.18562501703906314,0.716998191681736,0.5166051660516605,0.20134228187919462,626,553
